id,domain,status,purchase_price,renewal_price,attractiveness,demand,length,registrar,created_at,expires_at,status_verified_at
9a4efb8e-9379-4be0-b739-d05477d17851,dubuque.express,available,9,31.25,medium,low,7,spaceship,,,28/09/2026 05:32
220cd60b-82ce-4f5b-a4a2-7199a34c33dd,nonporous.express,available,9.98,49.98,medium,low,9,namecheap,,,03/09/2026 20:18
25822436-14f7-4407-8dca-c6bb5d629fef,affluent.express,available,12.49,39.99,high,low,8,namesilo,,,21/09/2026 21:54
5f674089-3ab1-4708-8a6e-479b0587798b,razz.express,available,12.49,39.99,medium,low,4,namesilo,,,21/09/2026 19:47
e38072e4-1f3b-41d7-ba22-52efb7503313,vespucci.express,available,16.99,50.99,high,low,8,name.com,,,18/09/2026 21:04
d9b082bf-ab35-4c11-b52e-962e278d40e6,deceived.express,available,9.98,49.98,low,low,8,namecheap,,,29/09/2026 23:13
b506786c-493b-45e5-b4fc-2b3eb8769175,allies.express,available,9,31.25,high,low,6,spaceship,,,28/09/2026 20:34
e9cdc519-4aa4-4efb-aed5-11f4fd99f178,clemson.express,available,9.98,49.98,high,low,7,namecheap,,,27/09/2026 07:07
a47dfa65-679f-43fe-9f2a-474a90eda7cc,buttercup.express,available,12.49,39.99,high,low,9,namesilo,,,24/09/2026 11:18
1449de87-caa4-4aec-88da-549da4a34d2a,inflated.express,available,9.98,49.98,medium,low,8,namecheap,,,21/08/2026 08:47
657885ba-5946-40bb-ac62-e90741c1c4d8,housed.express,available,9,31.25,high,low,6,spaceship,,,30/09/2026 15:37
ca27b364-fbb6-4450-b4a5-f94fd54ce2d5,frenchmen.express,available,9.98,49.98,medium,low,9,namecheap,,,02/10/2026 13:08
a280dc72-f941-49b9-9ec6-23088ffbac52,apodemus.express,available,9.98,49.98,medium,low,8,namecheap,,,19/09/2026 18:19
fae24bb3-28bf-42ce-bec9-774684f5f887,endorse.express,available,9.98,49.98,high,low,7,namecheap,,,08/09/2026 09:45
93655ff8-f5da-4c24-a318-f68d26ebb0c9,baritone.express,available,9.98,49.98,medium,low,8,namecheap,,,08/08/2026 19:36
accca563-9ea8-4772-b9d8-c8ebf485102d,festal.express,available,9.98,49.98,medium,low,6,namecheap,,,18/08/2026 02:13
700521aa-3e7b-4bfe-a1ea-64f3b0e833df,breath.express,available,9.98,49.98,high,low,6,namecheap,,,24/09/2026 10:14
bf516b57-4416-4a8b-876b-eac9217b293d,him.express,premium,72.6,72.6,high,low,3,dynadot,,,30/09/2026 22:23
bd6995fe-f35d-4f61-b40b-cf3b031dbc81,hovering.express,available,9.27,31.41,high,low,8,porkbun,,,30/09/2026 07:20
c235666d-23de-4608-8cc1-1cc9a5cf8ca1,flightless.express,available,9.98,49.98,medium,low,10,namecheap,,,18/08/2026 08:09
3978c5e8-69ea-4854-a6cf-09ead7785d88,mathew.express,available,12.49,39.99,medium,low,6,namesilo,,,28/09/2026 16:30
2ef6911c-0e95-4954-b4ac-9372aed81716,cbe.express,premium,68.51,68.51,high,low,3,spaceship,,,29/09/2026 09:19
6530c5cb-cbab-4327-a596-3f76e8a6465e,lindsay.express,available,11.5,,high,low,7,unstoppable,,,29/09/2026 23:06
5e346475-c914-46a7-9f77-6e6f4222190e,strict.express,available,9.98,49.98,medium,low,6,namecheap,,,21/08/2026 00:17
4b8b078d-3ddd-401c-bf08-21eab1308eaa,bournemouth.express,available,9,31.25,medium,low,11,spaceship,,,29/09/2026 21:53
8476ed5e-0b27-4572-acbf-fc7fe509adb2,angled.express,available,9.98,49.98,medium,low,6,namecheap,,,
eb81eef6-4c89-46ab-8d69-fabc77550e80,antiserum.express,available,12.49,39.99,medium,low,9,namesilo,,,19/09/2026 15:05
e8eda4ab-1619-4786-adc3-740d25bee9e1,slowcoach.express,available,9.98,49.98,medium,low,9,namecheap,,,10/09/2026 20:27
0a39068c-bec4-4571-823d-eb64ed2cf24a,abstractor.express,available,9.98,49.98,medium,low,10,namecheap,,,16/09/2026 18:29
7205987d-4022-43bf-82d1-0d041e24bb07,onomastic.express,available,9.98,49.98,medium,low,9,namecheap,,,04/09/2026 15:15
6c2333c4-2249-4991-ae80-04ad910133e1,descending.express,available,9.98,49.98,medium,low,10,namecheap,,,28/09/2026 21:15
74b374e0-698c-4096-8d38-bb317ea7a259,foldaway.express,available,9.98,49.98,high,low,8,namecheap,,,18/08/2026 10:07
786f0925-a64e-414c-b0a2-0646a18b9fe0,fellowship.express,available,9.31,32.21,high,low,10,dynadot,,,28/09/2026 09:26
7b406f19-1736-4943-9a6c-7bd9f1187560,potatoes.express,available,12.49,39.99,medium,low,8,namesilo,,,27/09/2026 02:12
83f353a2-4585-44e1-a8c5-b33379f8d9d2,unlaced.express,available,9.98,49.98,medium,low,7,namecheap,,,12/09/2026 14:37
992e9058-1ca0-48c8-abc0-281356b617e8,classless.express,available,9.98,49.98,medium,low,9,namecheap,,,12/08/2026 09:48
0f39df5a-9767-4a79-9c6c-483588f1ebd9,altimeter.express,available,12.49,39.99,medium,low,9,namesilo,,,18/09/2026 14:58
b7837d61-0fca-4cb8-a6dd-31bdc34cbadd,alecost.express,available,12.49,39.99,medium,low,7,namesilo,,,18/09/2026 04:46
d644923c-478b-4237-84e5-4678cce90fca,servants.express,available,9.98,49.98,medium,low,8,namecheap,,,18/09/2026 01:39
c25f594a-686c-447c-a3a2-93f83ce4dc61,vault.express,available,12.49,39.99,high,medium,5,namesilo,,,22/09/2026 02:40
cc39deb4-d52e-4f44-bb0c-202233164342,bochum.express,available,9,31.25,medium,low,6,spaceship,,,02/10/2026 09:13
9ccbfaec-bdb7-483a-bd8c-9502f629ac8e,spousal.express,available,9.98,49.98,high,low,7,namecheap,,,11/08/2026 03:56
f430a40a-8f9b-4f8c-bc57-098d917c2e60,gannon.express,available,9.98,49.98,medium,low,6,namecheap,,,30/09/2026 13:54
e0c82fb6-37f1-492f-bee7-435d997cb5f1,eminently.express,available,9.98,49.98,medium,low,9,namecheap,,,14/09/2026 15:19
e0d3ac1b-c2f3-433b-b74f-4d2e82a4cb28,aires.express,available,12.49,39.99,medium,low,5,namesilo,,,25/09/2026 21:54
b57b5e29-88de-4c7b-b40d-69c1ceb0156a,geniality.express,available,12.49,39.99,high,low,9,namesilo,,,17/09/2026 14:00
30d44e27-5762-42e6-8f19-4cb50701097a,bedpost.express,available,12.49,39.99,high,low,7,namesilo,,,22/09/2026 23:29
4158ddbb-b622-425a-a97d-d0ba0636b8eb,stretches.express,available,12.49,39.99,medium,low,9,namesilo,,,18/09/2026 07:56
da84bae7-cd03-4025-8878-7054889f42e2,studios.express,available,9.98,49.98,medium,low,7,namecheap,,,18/09/2026 18:25
871bbc10-47be-49ae-aa52-d0aa1e247193,migraine.express,available,12.49,39.99,high,low,8,namesilo,,,30/09/2026 01:52
72d39f4d-0cff-422b-b34b-d8e66d003de8,analogy.express,available,9,31.25,high,low,7,spaceship,,,28/09/2026 21:11
6a3b71a1-1fe4-4275-8dc1-3a6097489cc6,soups.express,available,9.98,49.98,medium,low,5,namecheap,,,19/09/2026 22:44
06db5b4e-d413-4be7-9ee4-c79eb58980f5,advertent.express,available,9.98,49.98,medium,low,9,namecheap,,,
d7d791b5-3be5-47c5-8b92-24bb844bcd4f,spacing.express,available,12.49,39.99,high,low,7,namesilo,,,30/09/2026 18:47
2b21de0a-3979-48fe-b665-cb0f39cac4a3,reichstag.express,available,9,31.25,medium,low,9,spaceship,,,28/09/2026 16:30
f0fe6cfd-3147-4b88-9ac5-c4114dd7a85d,totalizer.express,available,12.49,39.99,medium,low,9,namesilo,,,17/09/2026 06:58
65380d16-8e59-4e76-901a-20cb09533786,uncharged.express,available,9.98,49.98,medium,low,9,namecheap,,,12/09/2026 05:06
4622bcae-a049-4eaa-8c3b-ad63438a9760,lister.express,available,9.98,49.98,medium,low,6,namecheap,,,22/09/2026 07:14
d2bc0e60-7d85-4704-902b-9b69afab44ef,blog.express,resell,,,high,medium,4,,,,29/09/2026 17:59
e292622e-f3d5-4d30-ac4a-949506c742e9,retreat.express,available,9.98,49.98,high,low,7,namecheap,,,29/09/2026 11:58
32d21d6b-4036-43cc-82aa-a4cd14739e6a,chs.express,premium,36.3,36.3,high,low,3,dynadot,,,30/09/2026 21:35
3dabe3a9-56a4-41f5-9513-1f0a20e438ca,traps.express,available,12.49,39.99,high,low,5,namesilo,,,20/09/2026 04:06
00398570-8e1b-4434-984a-d01ffe76ff11,adlumia.express,available,9.98,49.98,medium,low,7,namecheap,,,17/09/2026 08:37
fb2ca6ad-4a27-4af5-b855-b0df8ddd281a,hobbs.express,available,12.49,39.99,high,low,5,namesilo,,,27/09/2026 04:26
580d6cbe-9d18-4abc-9e9e-9d6ef27b4eb7,culturally.express,available,9.98,49.98,medium,low,10,namecheap,,,14/09/2026 09:57
85436823-1af1-4859-9ed9-b6488470aab1,alary.express,available,9.98,49.98,medium,low,5,namecheap,,,
6fb0a9ff-b464-430c-a0ae-5b14d723cef2,measurement.express,available,12.49,39.99,high,low,11,namesilo,,,01/10/2026 14:29
69def88e-138e-4c6c-af53-a4633bbcec4d,duckbill.express,available,9.98,49.98,medium,low,8,namecheap,,,14/08/2026 20:46
2b967f64-4525-40da-8a93-e98890200329,prudent.express,available,9.98,49.98,high,low,7,namecheap,,,27/09/2026 07:54
20e8b8c1-3939-4e1c-9cfc-59dcffcdf7f5,liveliness.express,available,11.5,,high,low,10,unstoppable,,,30/09/2026 02:30
ef034947-8da3-4156-a463-a43a4f282a7e,illusory.express,available,9.98,49.98,medium,low,8,namecheap,,,21/08/2026 20:15
27d8afc5-05cc-4817-8edd-410650879354,hue.express,premium,66.5,,high,low,3,unstoppable,,,29/09/2026 18:19
a3b0c70d-3afb-45bd-901c-9561279b1978,scenic.express,available,9.98,49.98,high,low,6,namecheap,,,09/09/2026 22:58
e1f63b65-92b2-495a-9e74-cacddbd8016b,pester.express,available,12.49,39.99,medium,low,6,namesilo,,,21/09/2026 17:02
27b63566-e673-42c1-8058-ebb74fe34044,bivouac.express,available,9.98,49.98,medium,low,7,namecheap,,,11/08/2026 15:54
2337e9f2-484e-4244-9fb8-7df1ae738cdf,indisposed.express,available,9.98,49.98,medium,low,10,namecheap,,,
eb73be41-5477-43b3-b65e-2a1db9fbef4a,cypress.express,available,12.49,39.99,high,low,7,namesilo,,,02/10/2026 14:48
38bf4d63-5436-4598-86d4-fe64965e1339,grumbling.express,available,9.98,49.98,medium,low,9,namecheap,,,20/08/2026 20:33
c739cc9d-38ef-4731-a7b2-78125dac7dfd,minor.express,available,9.98,49.98,high,low,5,namecheap,,,25/09/2026 20:28
7667bc51-4c24-4468-bba5-d2f6c7938e72,capitate.express,available,9.98,49.98,medium,low,8,namecheap,,,11/08/2026 17:57
a893f65e-4ad1-4cb8-8b58-a020973c2d3f,karim.express,available,12.49,39.99,medium,low,5,namesilo,,,29/09/2026 03:37
f521ea92-4b1a-4324-b1f5-0a3fd72613c8,arsenal.express,available,12.49,39.99,high,low,7,namesilo,,,20/09/2026 09:36
c59ae3ba-e8fd-43a9-aeeb-8a0a7fd3e0b4,translates.express,available,11.5,,medium,low,10,unstoppable,,,30/09/2026 00:23
0251a463-56a2-43e1-8d0a-40394b8a2a44,cheapest.express,available,9,31.25,medium,low,8,spaceship,,,02/10/2026 12:14
b6e9ce0a-42e0-46b8-bb41-408fe98d34d2,holborn.express,available,9.98,49.98,medium,low,7,namecheap,,,02/10/2026 00:45
64f39169-caf7-483c-9d5a-184ba229358f,sunda.express,available,9,31.25,medium,low,5,spaceship,,,02/10/2026 00:35
42671781-5ff1-4f59-84f0-861dac400db7,entrenched.express,available,12.49,39.99,medium,low,10,namesilo,,,24/09/2026 14:13
38d6e0d1-6995-46e2-9e71-60826d61c6ce,guayaquil.express,available,9.98,49.98,medium,low,9,namecheap,,,30/09/2026 01:48
05af0e92-ec43-4cd5-a186-89fbaad6f455,conical.express,available,9.98,49.98,high,low,7,namecheap,,,12/08/2026 20:41
409e28c5-71d2-43b8-a4b4-15bfb2c41666,tibet.express,available,9,31.25,high,low,5,spaceship,,,28/09/2026 20:29
4a401227-9f77-4adf-bf88-17e9478de5d2,waterflow.express,available,9,31.25,high,low,9,spaceship,,,02/10/2026 06:09
c60a9c18-6afc-473a-98cc-3f374310bed9,barberry.express,available,12.49,39.99,medium,low,8,namesilo,,,22/09/2026 04:51
446c8ce3-b4c6-414d-9e60-62c0c1ba6f1f,sportswear.express,available,12.49,39.99,high,low,10,namesilo,,,17/09/2026 05:14
e9bd5e7b-ec77-4be1-a0e9-5870c3c17248,convince.express,available,9,31.25,high,low,8,spaceship,,,30/09/2026 18:01
dc698b7b-9445-418d-943b-350ea27139b5,tick.express,available,12.49,39.99,high,low,4,namesilo,,,24/09/2026 13:55
d7beb174-01fd-46ef-95ea-26c02a95a2d1,fucked.express,available,9,31.25,medium,low,6,spaceship,,,29/09/2026 21:06
aae0bb11-81e0-4153-9c85-de736ec948b9,whatsoever.express,available,12.49,39.99,medium,low,10,namesilo,,,22/09/2026 06:59
e7493b0a-0ab5-4f5d-b630-e83f76bbcc52,glowing.express,available,9.98,49.98,high,low,7,namecheap,,,20/08/2026 15:08
98b8c058-0dec-4dea-afd5-521b45f2ab05,conglomerate.express,available,9.31,32.21,high,low,12,dynadot,,,02/10/2026 07:06
e36e46fb-6622-401f-9ebc-e3257280dd35,storylines.express,available,12.49,39.99,medium,low,10,namesilo,,,01/10/2026 00:32
81b7beef-533c-4c2c-9b01-0531e23757f4,grindle.express,available,9.98,49.98,medium,low,7,namecheap,,,18/09/2026 21:21
3562ec93-4e81-4639-a17c-4acd5e0b05f4,displaced.express,available,12.49,39.99,medium,low,9,namesilo,,,30/09/2026 14:21
26f09f34-b547-4a5e-9ba3-0e27aeffc9b4,belvoir.express,available,11.5,,medium,low,7,unstoppable,,,01/10/2026 23:55
9690d847-69c9-4a7d-a284-f4d7b83c7b29,colorise.express,available,9.98,49.98,medium,low,8,namecheap,,,12/08/2026 17:36
eeb14440-2fac-4cd2-8fb2-e7858f193063,adriatic.express,available,9.98,49.98,high,low,8,namecheap,,,17/09/2026 10:03
64868dd8-8388-4391-bc9d-e4afe64301dc,sevenup.express,available,9.98,49.98,high,low,8,namecheap,,,30/09/2026 06:05
a4a4d8f8-7b52-495c-8d31-00e491ff46e2,pinpoint.express,available,12.49,39.99,high,low,8,namesilo,,,30/09/2026 10:52
7782cd96-d6c2-450a-95ab-50871099ab75,streetcar.express,available,9,31.25,high,low,9,spaceship,,,01/10/2026 03:55
f70341b9-cb0c-4447-8b32-01556f27ca75,auxiliary.express,available,9.98,49.98,high,low,9,namecheap,,,
17f22f5f-8dc0-4593-994c-a53eac561e7e,numerable.express,available,9.98,49.98,medium,low,9,namecheap,,,13/08/2026 03:32
1744c971-c2db-4a59-abba-4f04fd82bddc,wristband.express,available,12.49,39.99,high,low,9,namesilo,,,24/09/2026 07:49
8d145158-4e16-45b6-9812-1264c6cb5b1c,beldame.express,available,9.98,49.98,medium,low,7,namecheap,,,23/09/2026 04:46
a6163a68-e796-4458-bdf5-55d11b5dd807,magnitude.express,available,12.49,39.99,high,low,9,namesilo,,,29/09/2026 01:37
3e4ffd4d-d06c-453b-a1c6-c4f227713f6e,silent.express,available,9.98,49.98,high,low,6,namecheap,,,25/09/2026 22:10
77fb9a63-50e1-45bc-a0f4-f691369cd2c0,volitional.express,available,9.98,49.98,medium,low,10,namecheap,,,13/09/2026 06:50
45dfd741-e5da-448d-a583-d11150a9aa84,perfidious.express,available,9.98,49.98,medium,low,10,namecheap,,,08/09/2026 16:31
37c544a0-ee92-4e98-8786-0105575b7ee9,necrotic.express,available,9.98,49.98,medium,low,8,namecheap,,,03/09/2026 14:45
1c86d146-b555-4492-868e-6085edb9aaf8,nonpolar.express,available,9.98,49.98,medium,low,8,namecheap,,,03/09/2026 20:17
b12bac9b-890d-42b3-b67d-58b512735441,kidnapping.express,available,12.49,39.99,medium,low,10,namesilo,,,25/09/2026 08:11
2a9ec4cd-d902-4889-9dc9-194acb94173b,quotable.express,available,9.98,49.98,medium,low,8,namecheap,,,09/09/2026 09:10
b577db3f-eafd-4e49-b569-7d4a71371caa,diseased.express,available,9.98,49.98,medium,low,8,namecheap,,,14/08/2026 10:08
58810738-d67c-4ff3-a66e-ef93aef2f7db,paterson.express,available,9.98,49.98,high,low,8,namecheap,,,25/09/2026 09:48
1166fca3-6923-42dd-b2e5-85f4ab96fa42,hsi.express,premium,38.94,38.94,medium,low,3,namesilo,,,02/10/2026 10:52
9d2d2628-39e9-4f80-a5a1-92c24280584c,esfahan.express,available,12.49,39.99,medium,low,7,namesilo,,,20/09/2026 14:33
ae734804-1521-4301-9736-8a944437f6dc,stalemated.express,available,16.99,50.99,low,low,10,name.com,,,13/08/2026 19:29
19e0611c-7a36-42d0-a6a3-5f8a57755bcc,lvi.express,premium,78.54,78.54,medium,low,3,namesilo,,,
992f0799-95e1-41dc-a276-24875ca883ef,belch.express,available,12.49,39.99,medium,low,5,namesilo,,,23/09/2026 04:34
10dc0bb1-3b2d-4490-96c9-cba61f026b7d,justifiable.express,available,9.27,31.41,high,low,11,porkbun,,,02/10/2026 18:06
53ab113d-23bd-482c-bb6b-a79fa87f88e2,railing.express,available,11.5,,high,low,7,unstoppable,,,30/09/2026 02:38
85c60d1e-7521-4328-92aa-6ab6aadf1150,episode.express,available,9,31.25,high,low,7,spaceship,,,29/09/2026 18:15
1d2cae7c-5281-4d15-9eee-0efb0d7f1cee,meaningless.express,available,12.49,39.99,medium,low,11,namesilo,,,28/09/2026 15:49
60affc04-812b-473c-9a77-8a0c965640cf,prospering.express,available,9.98,49.98,medium,low,10,namecheap,,,10/08/2026 19:17
f29afafd-e762-463e-b6e0-44309094768c,affordable.express,available,9.98,49.98,high,low,10,namecheap,,,21/09/2026 21:59
bc1d4b1c-da54-411d-a2b1-13e375ec3b15,phony.express,available,9.98,49.98,medium,low,5,namecheap,,,08/08/2026 23:09
c70f003d-f700-4baf-9d4e-55c654d220aa,alma.express,available,12.49,39.99,high,medium,4,namesilo,,,01/10/2026 07:51
e6302487-bb14-43f1-b1d5-8568b7a81422,prolific.express,available,12.49,39.99,high,low,8,namesilo,,,27/09/2026 07:21
399711c5-a430-4a31-84d3-afa68fa0577a,systematically.express,available,16.99,,medium,low,14,name.com,,,
b84311c3-4bb4-4658-8e92-cbbb6e3a24fe,gilding.express,available,9.98,49.98,high,low,7,namecheap,,,18/08/2026 23:37
270a6a9b-5383-4289-a43c-d330a342a05f,parties.express,available,12.49,39.99,medium,low,7,namesilo,,,17/09/2026 10:18
7e6b9723-d719-4784-a615-81a87e02c3a0,christie.express,available,12.49,39.99,high,low,8,namesilo,,,17/09/2026 16:30
0e87664a-b0cc-42b9-b6ac-8c9e7dc8c1f1,benison.express,available,12.49,39.99,medium,low,7,namesilo,,,23/09/2026 08:11
30775105-fba5-4895-a65b-f6d3ec9762de,ossetia.express,available,9,31.25,medium,low,7,spaceship,,,03/10/2026 04:49
d17323c7-df21-4a99-a19d-c254a33ef87e,generally.express,available,30.2,30.2,medium,low,9,cloudflare,,,28/09/2026 13:35
9bc5f743-16e1-424a-afa6-29c66d64031f,manipulated.express,available,11.5,,medium,low,11,unstoppable,,,29/09/2026 16:09
d7b10e69-3a4d-41d2-99e5-76cadf2e77c8,forefront.express,available,12.49,39.99,high,low,9,namesilo,,,02/10/2026 04:32
39397075-f8cd-43fb-87c7-f57cc568b9e6,pintail.express,available,12.49,39.99,medium,low,7,namesilo,,,19/09/2026 02:52
0c60e148-18b4-485a-8772-014654dd4a2b,breckenridge.express,available,9,31.25,medium,low,12,spaceship,,,01/10/2026 11:00
787f3f7f-8a73-4819-863c-75cf550c1e57,eventual.express,available,9.31,32.21,high,low,8,dynadot,,,30/09/2026 14:31
43e10f3c-eccd-4b57-91f0-15c0ccd7ce7d,wavering.express,available,9.98,49.98,medium,low,8,namecheap,,,13/09/2026 00:41
614b771c-1ad0-4098-9948-43667466025d,acid.express,available,9.98,49.98,high,low,4,namecheap,,,
3a9e0df9-61b6-4c89-9cba-ada5a5b0c7d9,paschal.express,available,9.98,49.98,medium,low,7,namecheap,,,08/09/2026 02:20
ba394212-af86-49a2-a0b5-3833b01d1865,landscaping.express,available,9,31.25,high,low,11,spaceship,,,01/10/2026 15:25
56ae3d3b-a713-4d93-919d-5d3a6f350bb5,avondale.express,available,9,31.25,medium,low,8,spaceship,,,30/09/2026 21:47
4538b369-d878-4f3a-b76f-d42aac30bed1,spanish.express,resell,,,high,low,7,Automattic Inc.,01/07/2021 02:56,01/07/2028 02:56,28/09/2026 00:05
fb34e5bb-1fc7-47ba-9950-11795f146e83,intently.express,available,9.98,49.98,medium,low,8,namecheap,,,15/09/2026 08:56
91860e2e-0e2a-4c06-bf37-0a76bc5d5a49,romero.express,available,11.5,,medium,low,6,unstoppable,,,29/09/2026 21:33
3a2bb2c4-3006-4385-896c-43c486dae0e0,sleeves.express,available,9,31.25,medium,low,7,spaceship,,,29/09/2026 10:37
c1a19ab6-e32b-41df-a6d5-37ba9accf56a,blushing.express,available,9,31.25,high,low,8,spaceship,,,02/10/2026 07:03
97fe02f2-916b-4d64-a2f8-b86fd4ad6212,laborer.express,available,30.2,30.2,high,low,7,cloudflare,,,30/09/2026 01:52
a11f6e98-9847-4837-ae31-51b673ca9fa4,taoism.express,available,9,31.25,medium,low,6,spaceship,,,30/09/2026 16:55
636145e9-ed81-4d9b-a2d4-91794925069a,admission.express,available,9.98,49.98,high,low,9,namecheap,,,16/09/2026 22:12
da4bf47e-c8b8-4dae-951c-bf7384760084,discordant.express,available,9.98,49.98,medium,low,10,namecheap,,,14/08/2026 10:00
c2ec0e6d-c8ec-42f0-9e31-67e69d6eaffa,monetary.express,available,9.98,49.98,high,low,8,namecheap,,,25/09/2026 21:29
79bcfb89-f98e-4e61-ab55-514cf6c655a7,shady.express,available,9.98,49.98,high,low,5,namecheap,,,18/08/2026 09:37
f001f23c-7d0b-46d6-8630-0db06f244d87,kandy.express,available,12.49,39.99,high,low,5,namesilo,,,02/10/2026 05:33
531f84d1-210b-4b88-8f2e-35cd1efbb2a7,rumors.express,available,12.49,39.99,medium,low,6,namesilo,,,27/09/2026 09:37
a9923614-9791-4f47-9efc-f684ef578f56,pva.express,premium,68.51,68.51,medium,low,3,spaceship,,,30/09/2026 18:22
35af6440-71c5-4836-992e-7e5803fa132a,tormented.express,available,9.98,49.98,medium,low,9,namecheap,,,
419686dd-77b5-4407-bb4f-cabd53f0c9af,tippytoe.express,available,9.98,49.98,medium,low,8,namecheap,,,11/09/2026 16:22
2e9e648e-573e-41db-863c-66f37a12b0ae,drunk.express,available,9.98,49.98,high,low,5,namecheap,,,14/08/2026 20:17
d24e3887-bedd-4549-a4ac-2803c462ecbd,meters.express,available,12.49,39.99,medium,low,6,namesilo,,,28/09/2026 05:01
cc86506b-68e1-4c23-b8ab-7ebc2bfb904a,kpa.express,premium,68.51,68.51,medium,low,3,spaceship,,,28/09/2026 16:13
7203caa4-fec6-463a-80fe-6b0b9659dad6,beg.express,premium,68.51,68.51,high,low,3,spaceship,,,30/09/2026 15:40
ba641a65-599e-4e56-bd49-daec2fe18700,nightclub.express,available,9.31,32.21,high,low,9,dynadot,,,29/09/2026 00:18
b0c777ed-f2c3-45b5-ad91-0613b8533a37,replay.express,available,12.49,39.99,high,low,6,namesilo,,,17/09/2026 05:07
e6053451-e8ea-4e11-bb8d-a79aab8c84c6,incorporation.express,available,9,31.25,high,low,13,spaceship,,,02/10/2026 11:39
ef63a4b7-84d1-4e50-813d-74354ea3289b,contributes.express,available,9.31,32.21,medium,low,11,dynadot,,,02/10/2026 21:06
c07edd4d-c77c-4089-95c4-f0d67bb6fe84,malnutrition.express,available,12.49,39.99,high,low,12,namesilo,,,01/10/2026 14:17
2793427c-0d34-4a95-8c34-30bae51d8c24,banneret.express,available,12.49,39.99,medium,low,8,namesilo,,,22/09/2026 02:54
1c405e2e-68cb-4176-810b-99787dcbcc00,submerged.express,available,9.98,49.98,medium,low,9,namecheap,,,10/09/2026 23:30
a9b19dc9-edce-4ce5-89a1-e6c1f23e5d1d,unnumbered.express,available,9.98,49.98,medium,low,10,namecheap,,,13/08/2026 03:46
1c3fe535-1ef7-4f57-8094-43f76d6df036,decreed.express,available,9.98,49.98,medium,low,7,namecheap,,,13/08/2026 22:14
e54fab3a-78f8-471d-af0e-4c6043af03c6,ativan.express,available,9.98,49.98,medium,low,6,namecheap,,,20/09/2026 21:30
6d7f5313-137d-4bea-be9d-2c9d87378227,evans.express,available,12.49,39.99,high,low,5,namesilo,,,20/09/2026 10:48
05208e4a-22aa-42f9-ac7c-180a347db272,greg.express,available,12.49,39.99,high,low,4,namesilo,,,02/10/2026 09:44
1c4ff759-ae09-4e43-a5f0-f4dedcfa9544,promote.express,available,9.31,32.21,high,low,7,dynadot,,,28/09/2026 03:19
1238ccd2-7b9d-4986-a9c8-91cfd11c7509,cavendish.express,available,30.2,30.2,high,low,9,cloudflare,,,02/10/2026 14:36
d5a47b4c-c0aa-4804-8e26-f1575c22ad1b,claxon.express,available,12.49,39.99,medium,low,6,namesilo,,,23/09/2026 01:29
2fca737b-19ca-416e-9340-24a5f476babb,discontent.express,available,9.98,49.98,medium,low,10,namecheap,,,14/08/2026 09:59
e6c7786f-f579-4aba-b2e3-2d23704d9b9b,impressions.express,available,12.49,39.99,medium,low,11,namesilo,,,28/09/2026 23:21
486737f3-ecde-4313-a739-5112ee26f64e,mla.express,premium,66.5,,high,low,3,unstoppable,,,28/09/2026 03:26
7bf4d60e-11e9-48aa-b656-a8ef7ed49449,labels.express,available,12.49,39.99,medium,low,6,namesilo,,,18/09/2026 17:28
e0013b7a-c228-4d1d-837a-ecc4a9370237,hanging.express,available,12.49,39.99,medium,low,7,namesilo,,,25/09/2026 04:41
94c546ae-14cd-49fc-a902-01c2bcb6321d,encountered.express,available,9,31.25,low,low,11,spaceship,,,28/09/2026 23:17
70ff3cbb-0501-4521-8101-8a103a4beaed,meningitis.express,available,9,31.25,medium,low,10,spaceship,,,02/10/2026 16:05
d78e8e68-f1bb-41eb-8845-7e0b2e43a61c,grubby.express,available,9.98,49.98,medium,low,6,namecheap,,,09/08/2026 09:31
89865db3-422f-4938-ba11-49bfb16525a3,williamson.express,available,12.49,39.99,high,low,10,namesilo,,,17/09/2026 14:22
0e3f2742-8289-4fab-85d0-0c22e2952782,everything.express,premium,128.7,128.7,high,medium,10,namecheap,,,01/10/2026 00:54
006f5aa3-f507-43ae-8dbb-6fe9ec9465c6,fagan.express,available,9.27,31.41,medium,low,5,porkbun,,,30/09/2026 05:33
acecb6d2-76c2-4151-b6d2-ca15142d60da,palmate.express,available,9.98,49.98,medium,low,7,namecheap,,,04/09/2026 23:55
4fdced48-5c3c-4b18-a617-0ba5016c6d3c,weighing.express,available,12.49,39.99,high,low,8,namesilo,,,17/09/2026 11:27
d5b49bee-a3c7-44bb-a9d9-ba6a341343db,gould.express,available,12.49,39.99,high,low,5,namesilo,,,25/09/2026 06:39
89fa0550-9476-4625-bc4f-19d118411cb6,somali.express,available,9.98,49.98,high,low,6,namecheap,,,10/09/2026 13:58
3743a8df-500f-4feb-94fd-dccd2663435a,fergusson.express,available,12.49,39.99,medium,low,9,namesilo,,,02/10/2026 02:38
de5a4e7b-677c-4b89-b8a4-12f15437f8b5,macintyre.express,available,11.5,,medium,low,9,unstoppable,,,01/10/2026 23:40
97a1e3a0-d25b-4790-a937-0ba96b8688fc,payne.express,available,9.98,49.98,high,low,5,namecheap,,,25/09/2026 13:00
e99b1d26-54f0-4745-8534-b6adb92d719e,heraldic.express,available,9.98,49.98,medium,low,8,namecheap,,,21/08/2026 06:53
cccfd993-7883-4291-94b3-e4c76f254d8f,slapdash.express,available,9.98,49.98,medium,low,8,namecheap,,,10/09/2026 09:57
a24e5148-78d8-476c-aec5-f0757567ba54,bullitt.express,available,12.49,39.99,medium,low,7,namesilo,,,02/10/2026 10:47
cff254a1-d2a0-4308-ae53-fa1415df9ce3,selkirk.express,available,12.49,39.99,medium,low,7,namesilo,,,18/09/2026 05:50
4a48393a-6962-4442-9edb-c4d49989d9d0,nmr.express,premium,34.36,34.36,high,low,3,spaceship,,,28/09/2026 06:29
9d6bce89-ea17-46c3-a50c-4de69b1cde95,napoleon.express,available,12.49,39.99,medium,low,8,namesilo,,,28/09/2026 13:35
54b8f1ab-d17c-41fa-8916-a2665aa09f25,sully.express,available,9.98,49.98,medium,low,5,namecheap,,,24/08/2026 12:51
88f0ac3c-52ea-4d79-958e-e3934f988390,wasteful.express,available,9.98,49.98,medium,low,8,namecheap,,,12/09/2026 08:47
c9963e00-da80-416f-9aa8-89945e8adc2f,misses.express,available,30.2,30.2,high,low,6,cloudflare,,,01/10/2026 11:41
b457e43c-88ba-4306-8052-d7a49b000264,hog.express,premium,38.94,38.94,high,low,3,namesilo,,,28/09/2026 10:04
8fa866ce-ade6-4e6e-a395-3475563ddb7a,bioscience.express,available,9.98,49.98,high,low,10,namecheap,,,23/09/2026 18:59
abfb97fc-34dc-4ce3-b956-bf074cc2a34c,monmouthshire.express,available,9.27,31.41,low,low,13,porkbun,,,02/10/2026 19:21
58f4cf14-cb4e-4e38-a345-2cd11f67db6d,false.express,available,12.49,39.99,high,low,5,namesilo,,,22/09/2026 10:15
f83c1533-89c9-4b2e-ad7e-804eeb801a77,perceiving.express,available,9.98,49.98,high,low,10,namecheap,,,01/10/2026 22:24
2d04978d-0427-4140-a43f-229f986e025a,connection.express,premium,800.5,828.2,high,low,10,unstoppable,,,01/10/2026 02:25
7415f38b-82d3-4eec-8838-9a8511e3e911,noted.express,available,9.98,49.98,high,low,5,namecheap,,,11/08/2026 23:17
1327fc2d-cbd7-43c3-9715-f480e4ca8b1f,mundane.express,available,9.98,49.98,high,low,7,namecheap,,,17/08/2026 14:55
f33510d7-0ca4-4bc8-b0c2-27191e6872fa,needles.express,available,11.5,,high,low,7,unstoppable,,,29/09/2026 08:51
910aaf23-7ad3-425f-932c-1be6b65d959b,vms.express,premium,33.5,,high,low,3,unstoppable,,,02/10/2026 20:08
5752b74e-b48c-4d31-a555-b7e9e6f06816,behmen.express,available,12.49,39.99,medium,low,6,namesilo,,,23/09/2026 03:43
acc65d69-a137-4586-8b58-8f71486a29d5,dietetic.express,available,9.98,49.98,medium,low,8,namecheap,,,14/08/2026 06:56
ab0a4b5e-e0e5-43f4-97e0-c72117c777ed,pathogen.express,available,12.49,39.99,medium,low,8,namesilo,,,02/10/2026 06:01
b0409dec-68f4-405d-a3b4-774521b4ce6c,gusts.express,available,12.49,39.99,medium,low,5,namesilo,,,20/09/2026 20:54
69611dfa-ab85-4874-b7ce-c3e8b1f0e2bd,seduce.express,available,9.31,32.21,high,low,6,dynadot,,,29/09/2026 14:16
fe87b520-501f-497b-b2b6-802a929f92f5,conflicted.express,available,11.5,,medium,low,10,unstoppable,,,01/10/2026 07:28
b8097a95-02b8-4dd2-9ecc-14ee9d174f9c,transmitting.express,available,30.2,30.2,medium,low,12,cloudflare,,,29/09/2026 10:14
7e2d6f0c-1b67-4a86-afad-92c7543af95f,ocr.express,premium,78.54,78.54,high,low,3,namesilo,,,02/10/2026 06:47
aee91f12-0ca6-4356-898f-7b5ccd3c615f,educative.express,available,9.98,49.98,high,low,9,namecheap,,,15/08/2026 11:09
01abf261-fa3b-416a-908d-d157dc387b0e,rails.express,available,11.5,,high,low,5,unstoppable,,,30/09/2026 02:39
30bb0d35-90e8-41e0-ad8a-abfbfcecf6d7,boding.express,available,9.98,49.98,medium,low,6,namecheap,,,18/08/2026 11:34
f7d914d9-c41e-4cb8-a59f-11822e0d43af,justification.express,available,16.99,,medium,low,13,name.com,,,
a0f003d4-cb13-49a4-875d-61eee78b9a0d,longer.express,available,30.2,30.2,high,low,6,cloudflare,,,28/09/2026 16:12
5619e7a8-3a95-4693-9a11-815dd8e9bd6a,transcription.express,available,30.2,30.2,medium,low,13,cloudflare,,,29/09/2026 23:27
23cedf4b-e086-40c6-be7f-470dbc809e40,networking.express,available,12.49,39.99,high,low,10,namesilo,,,30/09/2026 05:49
2d015eb7-89c0-4903-9f2a-80bafad27535,academe.express,available,9.98,49.98,high,low,7,namecheap,,,16/09/2026 20:22
40525051-72cf-48d4-bfd4-8a5e5c315567,disorganized.express,available,9,31.25,medium,low,12,spaceship,,,01/10/2026 20:28
e6ebff51-57e9-456f-8a74-827437d38225,prosodic.express,available,9.98,49.98,medium,low,8,namecheap,,,09/09/2026 03:39
3b053289-796e-43bb-8811-e1f0b3abfe26,priorities.express,available,9,31.25,medium,low,10,spaceship,,,28/09/2026 17:39
fc993b84-3e0a-4655-b346-65a693757b8f,beatrice.express,available,12.49,39.99,high,low,8,namesilo,,,22/09/2026 21:46
f7d3269d-9997-4ba8-b2fc-79e4c64d85a1,expansive.express,available,9.98,49.98,high,low,9,namecheap,,,17/08/2026 18:00
463b0c7b-56a3-4b65-abd9-873f4300761a,tms.express,premium,,,high,low,3,"GoDaddy.com, LLC",17/07/2017 18:09,17/07/2027 18:09,01/10/2026 09:13
b0969437-57c6-4e0b-897e-5d559ec86b9b,ees.express,premium,42.9,42.9,medium,low,3,namecheap,,,02/10/2026 02:49
60e9d600-ce5f-4942-8345-97972d1ddb37,usd.express,premium,68.51,68.51,high,low,3,spaceship,,,28/09/2026 03:31
40baf41f-6c7a-4073-88fa-621f423b4936,byte.express,resell,,,high,medium,4,Edomains LLC,04/04/2025 15:15,04/04/2027 15:15,26/09/2026 04:42
6a4165be-b863-4919-84b8-f03c64c158ab,shopkeeper.express,available,12.49,39.99,high,low,10,namesilo,,,02/10/2026 05:44
9fc3216f-d08a-45bd-8a5a-9b0d60a591a4,custody.express,available,9.98,49.98,high,low,7,namecheap,,,24/09/2026 20:41
1794e46c-c656-4fe0-be75-f8a16be3319b,maldon.express,available,12.49,39.99,medium,low,6,namesilo,,,22/09/2026 15:25
6469861b-8a76-4f26-8a38-570c55a1af2a,rationing.express,available,9,31.25,high,low,9,spaceship,,,01/10/2026 21:27
e4f14cec-ef01-4d3f-bbac-286b57d61fe9,disarmer.express,available,9.98,49.98,medium,low,8,namecheap,,,04/09/2026 22:39
8cc8b05b-81e6-42b2-bf8d-aeb2a854dd3d,pounds.express,available,12.49,39.99,medium,low,6,namesilo,,,18/09/2026 01:51
bd0c5d03-da0e-4a10-88bc-c45ab8b01ebf,straighten.express,available,9.98,49.98,high,low,10,namecheap,,,11/09/2026 15:43
c21a5491-fb25-4e25-85c5-0f6b5c40c6b5,soursop.express,available,12.49,39.99,high,low,7,namesilo,,,19/09/2026 10:36
8d854c59-f82c-4d5a-9381-2bc896b2d30a,cca.express,premium,85.8,85.8,high,low,3,namecheap,,,29/09/2026 03:53
925b9e81-9379-4e14-aa7e-ce6c296dff05,ballota.express,available,12.49,39.99,medium,low,7,namesilo,,,21/09/2026 23:16
01032817-f125-4490-a547-81a199d8762d,fragmentation.express,available,11.5,,medium,low,13,unstoppable,,,02/10/2026 11:50
f1fb3f01-bfde-4030-9ac5-49f9a9f37ae8,compensation.express,available,9.98,49.98,high,low,12,namecheap,,,29/09/2026 04:39
4bad9e03-ad54-46e4-874b-bc2b1363a1fa,braun.express,available,12.49,39.99,high,low,5,namesilo,,,25/09/2026 02:19
78c1d7ef-b90f-4d7e-94f1-4a0eb4569b8b,alden.express,available,12.49,39.99,medium,low,5,namesilo,,,30/09/2026 13:53
ef37ec6d-f759-456e-b094-65c8c1b9ef4a,vegetative.express,available,9.98,49.98,medium,low,10,namecheap,,,13/09/2026 01:44
93926385-a6ce-4917-97b6-92422aaadf52,peel.express,available,9,31.25,high,low,4,spaceship,,,30/09/2026 06:31
a40a831c-9eaf-41c6-a98a-244e21f335e5,veneto.express,available,30.2,30.2,high,low,6,cloudflare,,,30/09/2026 11:16
96abe4fc-60d4-4fe2-b776-faa7ea419892,louvre.express,available,11.5,,high,low,6,unstoppable,,,30/09/2026 10:29
9d739ffa-6422-4038-adc9-33612fcdf9e1,opined.express,available,9,31.25,low,low,6,spaceship,,,28/09/2026 09:10
2280685d-2866-477a-b7b2-531a43aca161,hypothetical.express,available,11.5,,medium,low,12,unstoppable,,,29/09/2026 02:54
3626712c-e96e-4059-87d0-3bede72162d4,rattling.express,available,9.98,49.98,high,low,8,namecheap,,,11/08/2026 04:30
812e5b78-dec5-45af-a957-5b6db46cd5ad,average.express,available,12.49,39.99,high,low,7,namesilo,,,22/09/2026 14:28
2662a2b8-b6a7-401c-9f47-7b21a46c7b41,renting.express,available,9.98,49.98,high,low,7,namecheap,,,29/09/2026 13:46
19bf9ed9-60d5-4ed6-a7bf-de5267484e62,determines.express,available,12.49,39.99,medium,low,10,namesilo,,,19/09/2026 23:58
7ca94b75-cb96-43ec-b578-2c5990480477,literary.express,available,11.5,31.25,high,low,8,unstoppable,,,02/10/2026 11:29
851ab8df-633e-465b-acdc-188c8cc5185d,pravda.express,available,30.2,30.2,high,low,6,cloudflare,,,29/09/2026 09:14
f67cef26-f489-4ca9-9e30-3d518825fbe8,third.express,available,9.98,49.98,high,low,5,namecheap,,,
1d7071f4-4748-4302-b4e0-52113fb7e2fb,chalybeate.express,available,9.98,49.98,medium,low,10,namecheap,,,12/08/2026 01:32
3af5d565-392d-4e98-a2b8-ab30ddb0ace2,motorcycles.express,available,9,31.25,medium,low,11,spaceship,,,30/09/2026 06:06
55b26e31-8a11-49d3-b314-8784841ea4ba,barbwire.express,available,9.98,49.98,medium,low,8,namecheap,,,22/09/2026 04:47
22e35c41-cffe-43e0-9f74-000167d7e1cc,kerosene.express,available,9,31.25,high,low,8,spaceship,,,01/10/2026 18:59
69ad455d-beaf-418d-afa3-6211e0aafffe,establishment.express,available,9,31.25,medium,low,13,spaceship,,,02/10/2026 16:24
9757e98a-6dc6-4ec2-8873-0f1ad68f0e2a,moravia.express,available,9,31.25,medium,low,7,spaceship,,,28/09/2026 19:54
3bb4ae19-093c-4f3f-bbfd-51a00e6ea4c6,hayseed.express,available,9.98,49.98,medium,low,7,namecheap,,,21/08/2026 08:05
4e4a73f8-d97e-4acf-92dd-d0a3cd4f3ddb,spangly.express,available,9.98,49.98,medium,low,7,namecheap,,,18/08/2026 21:20
d13b8d1e-871e-4945-9fa2-1ca4bc5344f7,notaries.express,available,11.5,,medium,low,8,unstoppable,,,02/10/2026 03:21
bb9a5726-6d0c-472c-96ba-b94d25ad4c7f,restored.express,available,9.31,32.21,high,low,8,dynadot,,,28/09/2026 11:28
0641d550-17cd-49dc-8d72-765cb881cc4a,lambeth.express,available,11.5,,medium,low,7,unstoppable,,,29/09/2026 04:58
b7c82c17-a9d4-4a86-848d-38ced84c18dc,northman.express,available,9.98,49.98,medium,low,8,namecheap,,,03/09/2026 21:21
df7459a6-8214-419d-9083-6a805da2cfa5,continuous.express,available,9.98,49.98,high,low,10,namecheap,,,23/09/2026 22:20
fe6f1d07-58ec-4737-a98f-125a6d16a3f9,sag.express,premium,78.54,78.54,high,low,3,namesilo,,,29/09/2026 16:55
d4450af7-66fc-4498-9086-4eb1ed4ad635,genesee.express,available,9,31.25,medium,low,7,spaceship,,,28/09/2026 08:10
d1f7b43c-9dfa-4626-8297-a03ec33f2b89,grandpas.express,available,12.49,39.99,medium,low,8,namesilo,,,21/09/2026 09:18
a06c0680-e3bd-4486-b712-2b2abeea592c,capri.express,available,11.5,,high,low,5,unstoppable,,,30/09/2026 00:57
49bf9826-69e1-4c35-b843-061d8ba6bd0a,deciders.express,available,12.49,39.99,medium,low,8,namesilo,,,20/09/2026 23:38
b03b79b3-b336-4a9e-b323-c1e6cb9f9fe8,economical.express,available,12.49,39.99,high,low,10,namesilo,,,24/09/2026 13:25
788722be-0155-4dba-842d-d256be7b6f13,astylar.express,available,9.98,49.98,medium,low,7,namecheap,,,07/08/2026 10:15
bbccbee9-4057-4544-811d-67d45a614295,nee.express,premium,38.94,38.94,medium,low,3,namesilo,,,03/09/2026 14:47
91c4f3d9-b9cb-47fc-ac2b-13debb27eaae,herbst.express,available,12.49,39.99,medium,low,6,namesilo,,,02/10/2026 21:38
4adba576-f370-4aff-a8df-f764bdc87485,brethren.express,available,30.2,30.2,high,low,8,cloudflare,,,30/09/2026 00:52
1c7b5da7-6a57-489c-adc6-2d0e47d93d14,discursive.express,available,9.98,49.98,medium,low,10,namecheap,,,14/08/2026 06:00
00836689-c897-438b-9834-2d0cd450c598,boniface.express,available,9.98,49.98,medium,low,8,namecheap,,,19/09/2026 19:19
530309e3-363c-462d-b85f-1759c4b47a53,gayly.express,available,9.98,49.98,medium,low,5,namecheap,,,14/09/2026 00:29
421ee27d-5e55-4b97-a4a4-e49fd69ed7e6,touchstone.express,available,9.98,49.98,high,low,10,namecheap,,,10/09/2026 18:36
dc237553-75b6-4b35-ad76-3537fdefbc99,plz.express,premium,78.54,78.54,high,low,3,namesilo,,,
d6c84668-9732-4456-a906-700828813617,christiansen.express,available,11.5,,medium,low,12,unstoppable,,,30/09/2026 13:39
8d4af0bb-02c2-42ed-b3e1-a4f3c93ac50d,primes.express,available,12.49,39.99,medium,low,6,namesilo,,,20/09/2026 11:21
703c032c-f8ec-47ec-8d9d-ad4b807803d5,conceptual.express,available,9.98,49.98,high,low,10,namecheap,,,12/08/2026 20:05
513d4941-1e45-45ce-ace8-ef3edf5f2090,brummell.express,available,12.49,39.99,medium,low,8,namesilo,,,22/09/2026 22:01
c77b02c4-45c4-41f6-83eb-69f244a3b6d8,ampersand.express,available,12.49,39.99,high,low,9,namesilo,,,18/09/2026 23:09
73f5533f-5203-460c-8d65-16d8d66939bc,cappadocia.express,available,30.2,30.2,high,low,10,cloudflare,,,02/10/2026 14:34
7c912fe6-51b3-4ed5-bf00-ab13642ee71e,leakproof.express,available,9.98,49.98,medium,low,9,namecheap,,,22/08/2026 21:59
eb55436c-d165-4a2d-b61c-66d9d0daf440,bobtail.express,available,9.98,49.98,high,low,7,namecheap,,,10/08/2026 16:39
98c1aa2b-d139-4419-a835-4bf056a757fe,kurosawa.express,available,9.98,49.98,medium,low,8,namecheap,,,18/09/2026 00:08
b05da3cf-b7eb-442b-9118-a21cb07f4568,pumping.express,available,9.98,49.98,high,low,7,namecheap,,,17/09/2026 18:09
1ded243e-041a-4b99-81f8-effaf8331de4,asama.express,available,12.49,39.99,medium,low,5,namesilo,,,20/09/2026 12:47
e08cc08f-3b04-4d54-a4a1-23b0f231176f,xxii.express,available,12.49,39.99,high,low,4,namesilo,,,21/09/2026 12:40
bc297b5c-0730-4166-9435-a534b2b255d2,spelling.express,available,9,31.25,high,low,8,spaceship,,,28/09/2026 03:07
e1c10302-b4c0-4373-9cf4-91144133832d,artiste.express,available,9.98,49.98,high,low,7,namecheap,,,20/09/2026 11:55
3c6ab068-4314-4a86-9621-c100d93ef4db,ninefold.express,available,9.98,49.98,medium,low,8,namecheap,,,03/09/2026 17:31
9ca6aac9-7d7c-4e66-8edf-adba0756352e,supermodel.express,available,9,31.25,high,low,10,spaceship,,,30/09/2026 12:30
2baee201-5421-439b-9de4-e08e9ac480b8,kearny.express,available,9.98,49.98,medium,low,6,namecheap,,,29/09/2026 22:45
1982f5d3-a436-48f3-a9e8-bb7ecb57e584,bandy.express,available,9.98,49.98,medium,low,5,namecheap,,,08/08/2026 11:45
9b1e2e9f-eb3c-4948-9b15-dd65676df682,caitiff.express,available,9.98,49.98,low,low,7,namecheap,,,11/08/2026 13:26
02f8f32c-40c0-4782-922a-9038a1bdb6bb,dilemma.express,available,30.2,30.2,high,low,7,cloudflare,,,29/09/2026 14:57
d6527fd5-7ad8-42ad-baa6-30163d1e9985,cupping.express,available,,,high,low,7,,,,24/09/2026 20:18
b00d4ee5-ba85-49ea-8fc8-cacc52c8dca7,kauri.express,available,12.49,39.99,medium,low,5,namesilo,,,17/09/2026 16:32
d66c1888-3e60-4912-ad5a-d05697400fd9,postpone.express,available,9.31,32.21,high,low,8,dynadot,,,29/09/2026 08:12
0c02c918-b2a7-486a-bb99-ea8de1ed8eb0,pliant.express,available,9.98,49.98,medium,low,6,namecheap,,,09/08/2026 14:11
5d972b5c-f656-4a57-b553-f09610bce4e7,chordate.express,available,9.98,49.98,medium,low,8,namecheap,,,12/08/2026 07:12
79c55ce9-5991-4ebf-8915-80d0fa17b695,employment.express,available,9.27,31.41,high,low,10,porkbun,,,29/09/2026 18:07
df94bf37-0960-4318-8af6-1179e29d48e9,stormwater.express,available,12.49,39.99,high,low,10,namesilo,,,30/09/2026 05:51
25845c44-616a-4669-b31a-a1c7eb7c960a,tutsi.express,available,11.5,,medium,low,5,unstoppable,,,02/10/2026 16:59
2fde3f49-64d5-4689-8cac-649a628f88bc,advocating.express,available,9.98,49.98,medium,low,10,namecheap,,,02/10/2026 21:40
37ffe01c-3c79-40c0-9615-46a3c6602acc,cia.express,premium,38.94,38.94,high,medium,3,namesilo,,,24/09/2026 13:36
ab798b5b-b21c-4acf-851d-602f72bd2c3d,wolves.express,available,11.5,,medium,low,6,unstoppable,,,28/09/2026 04:21
c58b36b0-af75-4374-81a4-e76b24130d9d,intercepted.express,available,9.27,31.41,medium,low,11,porkbun,,,28/09/2026 23:49
a94ab481-3fac-4ac5-9043-105aa2363c51,kol.express,premium,34.36,34.36,high,low,3,spaceship,,,30/09/2026 20:20
7609f7f2-57e5-4493-905a-f0056ae8bf55,diehard.express,available,9.98,49.98,medium,low,7,namecheap,,,11/09/2026 18:42
7a0edf0e-0eb4-4cfe-9c74-7246ffe55efe,dominant.express,available,9.98,49.98,high,low,8,namecheap,,,14/08/2026 15:41
35b49cf9-ab75-4ba8-97ef-5daf26212b00,actionable.express,available,12.49,39.99,high,low,10,namesilo,,,21/09/2026 16:28
630b3c89-4007-456c-9000-0ed03bb76afe,greased.express,available,9.98,49.98,medium,low,7,namecheap,,,20/08/2026 19:33
a26f93ef-44a2-4507-8429-293a62f7f4c3,costly.express,available,12.49,39.99,high,low,6,namesilo,,,24/09/2026 00:19
69c65ff2-9902-447a-8592-68614c93b912,unlit.express,available,9.98,49.98,medium,low,5,namecheap,,,12/09/2026 13:03
3a0c9034-12f3-4517-8eff-31bff985719c,flowerbed.express,available,12.49,39.99,high,low,9,namesilo,,,22/09/2026 22:58
0dfe843f-9c4b-408d-b986-caaa534e56cd,titus.express,available,12.49,39.99,high,low,5,namesilo,,,25/09/2026 05:37
7583679e-debf-4572-9a82-3eadce41527d,backstretch.express,available,16.99,,high,low,12,name.com,,,
9b71e7a8-16b8-4971-9272-8f21c1902749,stably.express,available,16.99,50.99,high,low,6,name.com,,,16/09/2026 06:43
c0beaeb2-ef02-40b8-8449-41dd1f54eebf,giddy.express,available,9.98,49.98,medium,low,5,namecheap,,,
95e6674e-25c5-417c-953c-7a7693d0dcb2,taciturn.express,available,9.98,49.98,medium,low,8,namecheap,,,11/09/2026 06:58
a3fb56ef-54df-4828-bbcb-ede0798607dc,quantized.express,available,9.98,49.98,medium,low,9,namecheap,,,09/09/2026 07:30
329a0ad3-b744-4c4e-bb52-212195225b1b,aesthete.express,available,12.49,39.99,medium,low,8,namesilo,,,17/09/2026 13:35
11427e1f-f1f4-44be-9308-599ea729092b,heroism.express,available,11.5,,high,low,7,unstoppable,,,29/09/2026 18:59
757c8dce-65b4-40d0-aca9-bf7b07cf579d,yearling.express,available,9.98,49.98,high,low,8,namecheap,,,22/09/2026 00:38
64cae458-32c2-4af7-91f8-69bed3f6bbae,literate.express,available,9.98,49.98,high,low,8,namecheap,,,24/08/2026 07:26
9afcad76-bc6a-4747-a93e-5c62cb90c846,elderberry.express,available,12.49,39.99,medium,low,10,namesilo,,,24/09/2026 00:39
47e643be-09d3-49ff-b46d-011907860672,caspar.express,available,12.49,39.99,medium,low,6,namesilo,,,29/09/2026 06:16
290575ab-2b04-4091-acb6-cd7f2441910e,papal.express,available,9.98,49.98,medium,low,5,namecheap,,,06/08/2026 04:09
4e3af091-0fdf-4c16-96c8-239d1ae44611,hepatic.express,available,9.98,49.98,medium,low,7,namecheap,,,21/08/2026 06:47
e002803b-f145-4e18-b20f-3162946308a8,charmingly.express,available,9.98,49.98,medium,low,10,namecheap,,,14/09/2026 06:21
0110ed16-162e-40ff-8165-a39dc3cee3d9,meshuga.express,available,9.98,49.98,medium,low,7,namecheap,,,24/08/2026 21:06
6bfca5f7-f8b4-4dc7-84a5-f825e5beb436,individuality.express,available,9.27,31.41,medium,low,13,porkbun,,,01/10/2026 14:25
8474fa68-88e7-474d-bc57-f2a09188b553,gains.express,available,9.98,49.98,medium,low,5,namecheap,,,18/09/2026 18:50
14785420-7992-4637-955d-5c07a72251a9,backwash.express,available,12.49,39.99,medium,low,8,namesilo,,,17/09/2026 15:44
1cc5f54a-8366-4ead-803a-c14201ac9b53,trumpets.express,available,11.5,,high,low,8,unstoppable,,,02/10/2026 05:22
bc115f76-8151-4cf9-8692-99649088eea7,tyrolean.express,available,9.98,49.98,medium,low,8,namecheap,,,11/09/2026 22:33
91f1067d-a3aa-4d73-b71c-bff3e8006be5,blarney.express,available,9.98,49.98,high,medium,7,namecheap,,,12/08/2026 14:21
2ba2cd52-27df-423c-a94a-37547c9770b6,salvatore.express,available,12.49,39.99,medium,low,9,namesilo,,,28/09/2026 16:31
3e78facd-af24-43c3-a233-bd08bc535498,lend.express,available,9,31.25,high,low,4,spaceship,,,30/09/2026 03:09
75850e32-9452-48a4-9495-affefb777b73,corsica.express,available,9,31.25,medium,low,7,spaceship,,,28/09/2026 13:46
b2b45cc1-abf1-47bb-a2d6-a4752314a5eb,sunstone.express,available,12.49,39.99,high,low,8,namesilo,,,21/09/2026 09:07
2fea9e37-dcea-46d9-a1ab-7f8299e5f705,bethune.express,available,12.49,39.99,medium,low,7,namesilo,,,23/09/2026 11:17
169c604c-086e-4034-bba4-5697c80c59b8,swosh.express,available,9.98,49.98,medium,low,5,namecheap,,,11/09/2026 05:50
12fd997f-ba4f-4717-8808-6ad60920e11f,acarpelous.express,available,9.98,49.98,medium,low,10,namecheap,,,
4cb680c3-4a09-484a-b02e-420c9ca2a399,malagasy.express,available,12.49,39.99,medium,low,8,namesilo,,,29/09/2026 22:51
52bcb566-01f2-4fde-b9a3-f1bd10d955f6,unspecified.express,available,11.5,,medium,low,11,unstoppable,,,02/10/2026 01:19
33143351-9858-46bc-968b-592e98847a5e,velvety.express,available,9.98,49.98,high,low,7,namecheap,,,13/09/2026 02:00
b7dc6065-ce12-4551-ac4c-30e157de8fda,addon.express,available,12.49,39.99,high,low,6,namesilo,,,17/09/2026 06:37
e54d6a8c-6608-4a3b-ae97-021d4778f954,beneath.express,available,12.49,39.99,medium,low,7,namesilo,,,28/09/2026 12:25
74ab4a7b-c46b-4aee-bf8b-4360c381b9cf,makeover.express,available,11.5,,high,low,9,unstoppable,,,02/10/2026 05:42
2a480611-8f21-49b3-8dc5-9ed5c40a82e6,uproarious.express,available,9.98,49.98,medium,low,10,namecheap,,,21/08/2026 09:23
bc9d96d8-13c5-4750-ab23-e637a1ab6638,streetfighter.express,available,16.99,,medium,low,14,name.com,,,
bcc97689-96fa-4d46-8ba9-24ee9dbc4fc6,daredevil.express,available,16.99,50.99,high,low,9,name.com,,,13/08/2026 17:43
829159dc-e1d4-4f55-b8a6-30e218d996cd,ruben.express,available,9,31.25,high,low,5,spaceship,,,29/09/2026 00:07
e1c3b076-a15b-4381-9917-31cec4ba154d,manor.express,available,9.31,32.21,high,low,5,dynadot,,,28/09/2026 19:49
2e9f397b-b126-4e7a-b284-68f3300860af,copley.express,available,9,31.25,medium,low,6,spaceship,,,29/09/2026 11:58
0867f609-d1b1-43c2-95b7-6014fdfec542,michelle.express,available,12.49,39.99,high,low,8,namesilo,,,25/09/2026 13:16
cec7d70f-185f-451b-b9ce-c6c8fb16c40d,steamship.express,available,12.49,39.99,high,low,9,namesilo,,,03/10/2026 02:11
be986257-57ac-4113-8881-312118358e4b,rensselaer.express,available,9,31.25,high,low,10,spaceship,,,28/09/2026 04:19
d839586e-31c0-43ca-859a-a52baa41720f,annotated.express,available,11.5,,high,low,9,unstoppable,,,02/10/2026 01:13
d9393d06-2c6a-4d9b-af06-3cad85ae9e33,ixl.express,premium,78.54,78.54,medium,low,3,namesilo,,,
f0cd2de9-43dd-4ff5-811a-1812ce8dce7c,adh.express,premium,78.54,78.54,high,low,3,namesilo,,,17/09/2026 07:56
6a1d43c4-15ac-49f3-860a-3ff39270cdc2,dip.express,premium,78.54,78.54,high,low,3,namesilo,,,24/09/2026 10:33
be83a5fb-b1f2-435d-9697-b396ed560116,publicly.express,available,9,31.25,medium,low,8,spaceship,,,28/09/2026 15:37
ea589900-7674-431e-b1e4-e4eceed9c934,marie.express,available,12.49,39.99,high,low,5,namesilo,,,25/09/2026 17:44
cbbba8ca-de69-42aa-8ea8-76656ef66dd8,xciv.express,available,9.98,49.98,medium,low,4,namecheap,,,
b0069003-16e1-4e22-86e7-ed756394223c,devils.express,available,9,31.25,low,low,6,spaceship,,,28/09/2026 08:49
4ff8a8be-22fa-4b18-9950-b72967213c45,requires.express,available,12.49,39.99,medium,low,8,namesilo,,,18/09/2026 15:31
ccf1a667-e397-4bb6-b25b-6c85f0dbaca5,organize.express,available,12.49,39.99,high,low,8,namesilo,,,23/09/2026 23:13
b6b6c0df-111c-4511-bb87-2f976a341885,andi.express,available,30.2,30.2,high,low,4,cloudflare,,,02/10/2026 20:02
3a19d61f-ad02-4324-9303-facf019a57c9,cockle.express,available,9.98,49.98,medium,low,6,namecheap,,,12/09/2026 08:38
136b9efb-f12b-41e1-a8fc-5adf5a288434,seize.express,available,9.98,49.98,high,low,5,namecheap,,,23/09/2026 20:08
43d235a2-fac7-4921-abe0-6c1a8b8c9832,backyard.express,available,9.98,49.98,high,low,9,namecheap,,,21/09/2026 16:22
7a070622-98e9-44d8-bebc-91801f6c06d0,bph.express,premium,42.9,42.9,high,low,3,namecheap,,,23/09/2026 08:07
32184311-7029-4f81-bc16-d503f11bd12a,bifid.express,available,9.98,49.98,medium,low,5,namecheap,,,09/08/2026 19:59
5b5925db-ff08-4706-acfb-06cd9b8d1d76,lobster.express,available,11.5,,high,low,7,unstoppable,,,28/09/2026 06:11
4fb1c270-a0f1-4219-8e9e-a8f4a1dae9e8,adapa.express,available,9.98,49.98,medium,low,5,namecheap,,,17/09/2026 06:23
57e5fb43-3f05-4eb0-a32f-367fa97fd6e0,dirac.express,available,12.49,39.99,medium,low,5,namesilo,,,29/09/2026 18:39
a9123ad1-0c2d-4fa4-bdc8-80d19fc79449,smoothed.express,available,9.98,49.98,medium,low,8,namecheap,,,10/09/2026 12:07
707ed78d-dc10-4df9-9e4c-8d12421fd348,informing.express,available,12.49,39.99,high,low,9,namesilo,,,30/09/2026 00:09
e78ef5a4-fd7b-4d84-adb0-dadee68f80dd,birch.express,available,9.98,49.98,high,low,5,namecheap,,,10/08/2026 05:53
2ec8dcbc-976b-452c-80ef-43c614f42a04,aust.express,available,11.5,,high,low,4,unstoppable,,,02/10/2026 08:35
ae2d58cf-d523-4ba6-a5d7-226397b7b045,mutant.express,available,9.98,49.98,high,low,6,namecheap,,,03/09/2026 11:39
0e809228-7706-428c-8da9-19b291a74f7d,psychedelic.express,available,9,31.25,high,low,11,spaceship,,,03/10/2026 03:00
5ae527a4-5124-4dbf-8274-54ddac6511c2,anointing.express,available,12.49,39.99,medium,low,9,namesilo,,,19/09/2026 11:19
1679818e-3b61-44a5-9928-fc5c1611d9cd,molecules.express,available,16.99,,medium,low,9,name.com,,,
726b5b30-4686-46b4-a4b0-3c4d8f5492ad,postal.express,premium,38.94,38.94,high,low,6,namesilo,,,09/09/2026 00:18
7b74214e-eca6-4907-a15d-f6976d221e82,falsely.express,available,9.98,49.98,medium,low,7,namecheap,,,14/09/2026 17:35
1fbeefd3-666a-4dc0-97d2-9eb162b585b6,subalpine.express,available,9.98,49.98,medium,low,9,namecheap,,,
5c012f49-633f-429c-9abf-b2e5c308cfd1,anthrax.express,available,12.49,39.99,medium,low,7,namesilo,,,19/09/2026 13:52
43dbc228-3491-4e5e-af9d-dda69082d042,drugstore.express,available,12.49,39.99,high,low,9,namesilo,,,19/09/2026 19:43
e80330ed-fe9e-43ee-a435-d873a13305a3,dai.express,premium,38.94,38.94,high,low,3,namesilo,,,26/09/2026 00:53
5c874827-4e55-4a10-86b6-98acfa8a9324,blasphemer.express,available,12.49,39.99,medium,low,10,namesilo,,,24/09/2026 04:14
2f6319fe-2f3a-4d67-a68f-e2b47c3ff9fa,amines.express,available,12.49,39.99,medium,low,6,namesilo,,,29/09/2026 11:37
b28796e9-a19b-47e2-a1bb-11d466721e5a,kashmir.express,available,12.49,39.99,high,low,7,namesilo,,,01/10/2026 02:42
0cb4c7b8-34a9-446e-b7c3-138f1a226fa1,racehorse.express,available,12.49,39.99,high,low,9,namesilo,,,22/09/2026 01:58
156640a5-2a57-418c-a958-2cefe5f5325d,modernist.express,available,12.49,39.99,high,low,9,namesilo,,,27/09/2026 04:47
e13917a1-35ce-42ec-9199-999f66925e6a,veteran.express,available,9,31.25,high,low,7,spaceship,,,28/09/2026 10:15
b3bbb946-ddc5-46f8-b1f0-8fad9d28eca8,specimen.express,available,12.49,39.99,high,low,8,namesilo,,,28/09/2026 03:06
8111f12d-031c-4912-94ba-f4244f7e985e,alfredo.express,available,9.98,49.98,high,low,7,namecheap,,,28/09/2026 04:35
035e239f-a95a-4f2c-9fd2-350c70b9b396,ballpark.express,available,12.49,39.99,high,low,8,namesilo,,,19/09/2026 22:25
73fa1f09-c03b-4555-b709-83b9189e5f48,aileron.express,available,9.98,49.98,medium,low,7,namecheap,,,17/09/2026 21:10
8693730b-e157-4a49-8331-86e7e5677101,tenable.express,available,9.98,49.98,medium,low,7,namecheap,,,11/09/2026 11:08
14febfab-b349-4dbb-8c8c-7a54abfd7408,could.express,available,11.5,,high,low,5,unstoppable,,,30/09/2026 23:37
62e6bf39-dc53-4b56-bcc2-fed3118ebca2,slowly.express,available,9.98,49.98,medium,low,6,namecheap,,,22/08/2026 23:55
de6e9e84-ae7f-4221-8d7b-5ca43f613a2c,chinch.express,available,12.49,39.99,medium,low,6,namesilo,,,22/09/2026 22:46
0b95198a-2977-48a4-a850-35c4b25f2769,scathing.express,available,9.98,49.98,medium,low,8,namecheap,,,09/09/2026 22:57
891c476b-3868-4bb5-803d-82c6cb972512,nonetheless.express,available,9,31.25,medium,low,11,spaceship,,,29/09/2026 10:11
613ba575-8cc8-4791-a326-6767393569d2,abidjan.express,available,9.98,49.98,medium,low,7,namecheap,,,16/09/2026 15:38
3f25650e-d59b-48b6-96bc-c32fc82eaa8d,rennes.express,available,9.31,32.21,medium,low,6,dynadot,,,30/09/2026 04:34
9b03ade1-722d-4167-9aed-b189af6c6790,tougher.express,available,9.31,32.21,medium,low,7,dynadot,,,29/09/2026 11:36
b054fda4-bcaf-47d3-afc9-a6b3da0faf04,majestic.express,available,12.49,39.99,high,low,8,namesilo,,,25/09/2026 16:12
730a21fe-2ebe-4a0f-ae05-f6e9c1235055,baseplate.express,available,16.99,,medium,low,10,name.com,,,
68fd4dc4-739a-4c5b-ae29-3a1eb024e724,suchlike.express,available,9.98,49.98,medium,low,8,namecheap,,,11/09/2026 01:00
d89dfb83-ef46-47ee-9d07-e41778083d41,golan.express,available,9,31.25,medium,low,5,spaceship,,,30/09/2026 01:46
9f894b22-4c56-47b4-a575-a777abad9dd1,cordate.express,available,9.98,49.98,high,low,7,namecheap,,,13/08/2026 00:50
7c41eaec-a8b2-41bf-989f-05c1f2469bde,babies.express,available,16.99,,high,low,6,name.com,,,
8471e90e-3ae1-4389-8ce0-063bbe9a53b5,extended.express,available,9.98,49.98,high,low,8,namecheap,,,14/08/2026 18:31
bd1ff06f-83c8-4bc3-97fa-5cd8eb8bc816,dazed.express,available,16.99,50.99,medium,low,5,name.com,,,13/08/2026 18:53
f2ff3e15-ef94-47ae-a3d0-f53c40d81768,rhett.express,available,9.31,32.21,medium,low,5,dynadot,,,02/10/2026 00:53
8100b4af-9d8e-4130-beef-629e4eaf2bf7,tendencies.express,available,12.49,39.99,medium,low,10,namesilo,,,29/09/2026 17:02
6be5d0eb-2a24-4e4a-a7fa-131603cd6085,crowding.express,available,12.49,39.99,medium,low,8,namesilo,,,03/10/2026 00:21
73796da1-b4c1-41f8-a443-4409b221643e,allotted.express,available,9.98,49.98,high,low,8,namecheap,,,
0bd14f8f-2098-4cdc-b500-b550ed63e670,grammatic.express,available,9.98,49.98,medium,low,9,namecheap,,,20/08/2026 17:56
c132077c-ecdf-47eb-abe8-e3581a3989b7,unworried.express,available,9.98,49.98,medium,low,9,namecheap,,,11/08/2026 19:03
fb26183e-0a4d-46b8-9a1f-512910a997a6,slugs.express,available,12.49,39.99,medium,low,5,namesilo,,,20/09/2026 08:54
35a62028-696a-4ea2-aee2-9b051bacd6e0,waterless.express,available,9.98,49.98,medium,low,9,namecheap,,,06/08/2026 19:03
a8629479-44f7-4ece-9216-7bd100e4d503,blessing.express,available,9.98,49.98,high,low,8,namecheap,,,06/08/2026 09:29
b286efc6-d1e9-4196-b771-ba7b191dd90a,catenulate.express,available,9.98,49.98,medium,low,10,namecheap,,,11/08/2026 21:32
5d96475f-ff6e-47ab-91f1-0802ff0df741,stingy.express,available,9.98,49.98,medium,low,6,namecheap,,,24/08/2026 18:08
ba518db0-d63c-4760-b236-41124788d70c,barnburner.express,available,12.49,39.99,medium,low,10,namesilo,,,22/09/2026 06:49
ab825750-6274-45c3-af82-81cc651d9976,sax.express,premium,78.54,78.54,high,low,3,namesilo,,,17/09/2026 09:36
6468cacd-0646-4685-94d9-8f32911748e3,mouse.express,available,9,31.25,high,low,5,spaceship,,,27/09/2026 23:29
bc4968ea-5a74-40da-92ea-f1bbdc14ca30,situated.express,available,12.49,39.99,medium,low,8,namesilo,,,25/09/2026 14:16
cd884b88-ce05-4904-b3f9-7b557adf6544,quoting.express,available,11.5,,high,low,7,unstoppable,,,29/09/2026 21:25
23e20c62-90da-42e3-a90f-4c36a749c66c,misconception.express,available,9.27,31.41,medium,low,13,porkbun,,,02/10/2026 11:17
9abf76c1-007e-4795-b426-70c3b7459491,athenaeum.express,available,9.98,49.98,high,low,9,namecheap,,,20/09/2026 20:40
171fff45-b823-45e7-b067-bf143dc8137a,perjury.express,available,9.98,49.98,medium,low,7,namecheap,,,22/09/2026 21:18
c36633ad-e721-4583-bed1-0e8088d9e4ea,exhale.express,available,9,31.25,high,low,6,spaceship,,,30/09/2026 16:30
bfb7250c-f597-4c0c-ba9e-584d3ac7f944,edited.express,available,9.98,49.98,high,low,6,namecheap,,,15/08/2026 11:05
19aa57e8-fb4b-4db8-af09-644acd7c3777,woodwork.express,available,9,31.25,high,low,8,spaceship,,,30/09/2026 16:36
cf0277bf-5200-4d78-86c6-e4e020f075e7,stylist.express,available,12.49,39.99,high,low,7,namesilo,,,03/10/2026 01:07
f837e301-8f4c-4e0b-b9e8-c24a6afcb40b,course.express,available,11.5,31.25,high,low,6,unstoppable,,,01/10/2026 08:17
6ed4bc7e-5761-423e-a8eb-92d18be97ba4,chivalrous.express,available,9.98,49.98,high,low,10,namecheap,,,12/08/2026 06:14
d839122d-b615-480e-9961-3a3d6ace266a,roi.express,premium,78.54,78.54,high,low,3,namesilo,,,30/09/2026 10:11
7e8fd7c5-0f63-4b52-99e3-e408d853694c,okrug.express,available,12.49,39.99,medium,low,5,namesilo,,,02/10/2026 07:10
4341d857-3787-49d6-b653-6d65564cc118,wills.express,available,11.5,,high,low,5,unstoppable,,,29/09/2026 03:50
ebe08d6b-5fbf-49f6-868b-5f949203008b,shuha.express,available,9.98,49.98,medium,low,5,namecheap,,,10/09/2026 07:04
791b2191-213a-4776-afc3-cca75eb894dd,wakefield.express,available,12.49,39.99,high,low,9,namesilo,,,25/09/2026 12:26
ce897f2a-d612-417c-8974-d18ba5a5734d,appearances.express,available,12.49,39.99,low,low,11,namesilo,,,28/09/2026 23:35
a209f70f-2725-48d6-9162-87c3738b90dd,consummate.express,available,9.98,49.98,high,low,10,namecheap,,,23/09/2026 21:29
964470d9-d3ab-447d-83b6-1379b746c047,fsc.express,premium,68.51,68.51,high,low,3,spaceship,,,01/10/2026 07:46
2d1a5abc-d51a-4b62-a604-91bb4aeac00d,sunglasses.express,available,11.5,,high,low,10,unstoppable,,,29/09/2026 06:30
3b7eb23d-3777-4c35-aa59-21c30793d25d,implied.express,available,9.31,32.21,high,low,7,dynadot,,,30/09/2026 22:53
37865ef0-363b-49e7-9427-759dbc6b33c3,rattled.express,available,9.98,49.98,medium,low,7,namecheap,,,18/08/2026 09:33
28edec21-29e5-487d-8536-c85f1ac45069,fourfold.express,available,9.98,49.98,high,low,8,namecheap,,,18/08/2026 13:28
02dc4f16-7bd2-49dc-90d7-89b505ce064b,eloquent.express,available,9.98,49.98,high,low,8,namecheap,,,16/08/2026 06:14
f8617334-f12d-4ecb-818d-10b7cd69bd7d,imitating.express,available,9,31.25,high,low,9,spaceship,,,30/09/2026 20:05
735c840c-0054-4523-a642-c69a91980e08,floor.express,resell,,,high,low,5,Squarespace Domains II LLC,03/06/2021 06:55,03/06/2027 06:55,26/09/2026 06:08
b7ee046a-420b-4f03-ab19-662ac4209d47,formed.express,available,9.98,49.98,high,low,6,namecheap,,,18/08/2026 12:09
6c05e0d3-0a75-45ed-808c-2c15a4cab674,benzoate.express,available,12.49,39.99,medium,low,8,namesilo,,,23/09/2026 08:56
1f8c0bde-2f79-491b-a0d5-980f1fffbb71,schiller.express,available,30.2,30.2,high,low,8,cloudflare,,,02/10/2026 05:31
3f061f65-a38c-43d9-80f0-b82b0566dee0,quarterly.express,available,9.98,49.98,high,low,9,namecheap,,,09/09/2026 07:37
69ab3078-56f8-4703-a9fe-ddf7572004f0,fabius.express,available,12.49,39.99,medium,low,6,namesilo,,,02/10/2026 09:27
d43dffea-db4e-4783-8d60-410525c43113,yamaha.express,available,9.31,32.21,high,low,6,dynadot,,,29/09/2026 03:39
78139641-d1a6-400a-81bd-50619ac7b837,corrupted.express,available,12.49,39.99,medium,low,9,namesilo,,,23/09/2026 23:59
a371ef4c-59c4-483a-a572-f4734f4e15fb,speciality.express,available,9.98,49.98,high,low,10,namecheap,,,18/08/2026 12:32
53595576-b822-4b43-bf19-4b33a8a3fd6a,arkansas.express,available,12.49,39.99,high,low,8,namesilo,,,20/09/2026 06:13
ed550061-e714-4bb8-b8e2-630a472b3cc5,vex.express,premium,85.8,85.8,medium,low,3,namecheap,,,21/09/2026 17:27
bb7bd932-d4ef-4e9a-b858-2d415737e675,italian.express,resell,,,high,low,7,Porkbun LLC,15/04/2026 22:45,15/04/2027 22:45,26/09/2026 06:58
62a9710f-610a-4db7-b04c-fd9f9b52b3c7,seemed.express,available,9.98,49.98,medium,low,6,namecheap,,,18/09/2026 01:00
ff47d4e8-9e74-4030-bd6a-b246afe5d405,spillover.express,available,12.49,39.99,medium,low,10,namesilo,,,16/09/2026 17:36
7eb5c189-a18a-46f9-b8ae-986d87e3826e,hatred.express,available,11.5,,medium,low,6,unstoppable,,,29/09/2026 22:18
e9c539ec-2b98-4207-87c9-10316c70c587,waite.express,available,9.98,49.98,medium,low,5,namecheap,,,28/09/2026 19:55
47113932-4587-4013-b23c-d6b328fcc2e7,aviary.express,available,16.99,50.99,high,low,6,name.com,,,21/09/2026 09:22
a6b5cd02-8b89-402d-9877-094952989700,gouty.express,available,9.98,49.98,medium,low,5,namecheap,,,20/08/2026 17:18
e52e3906-2c1f-4be5-8ea6-c107b64d7ecd,kuwaiti.express,available,9.98,49.98,high,low,7,namecheap,,,22/08/2026 17:05
75b4a2f7-0295-416b-a3a1-9256af3c9896,expedition.express,available,9,31.25,high,low,10,spaceship,,,29/09/2026 18:24
1d41f4b5-2b2f-4d07-86b3-ac92483d04ae,callie.express,available,12.49,39.99,high,low,6,namesilo,,,02/10/2026 00:10
ecda5afc-0377-4aaf-99ac-d557457d7a41,pourboire.express,available,12.49,39.99,medium,low,9,namesilo,,,21/09/2026 15:52
2c2c60c9-6b0c-4087-bd9f-0e469006a93e,phs.express,premium,78.54,78.54,medium,low,3,namesilo,,,30/09/2026 02:29
b7f30c7f-241c-4f3d-9844-7ecb9ec4cd41,perceptual.express,available,9.98,49.98,high,low,10,namecheap,,,08/09/2026 16:15
f2d0c756-f899-4c81-a2b5-05432f6eb0f6,deductible.express,available,9.98,49.98,medium,low,10,namecheap,,,13/08/2026 22:27
a7f56789-4ce6-4c11-9ab2-9e67f2d4e419,tearful.express,available,9.98,49.98,medium,low,7,namecheap,,,14/08/2026 15:35
030075d5-5ca6-422c-81a4-50a9b2798084,downy.express,available,9.98,49.98,high,low,5,namecheap,,,14/08/2026 17:40
962d6cce-9f0c-463c-879e-cb7701e08926,ascended.express,available,12.49,39.99,medium,low,8,namesilo,,,02/10/2026 12:33
38b3ec71-89f3-4b8e-a8b3-4bcb35f846e3,gyroplane.express,available,12.49,39.99,medium,low,9,namesilo,,,21/09/2026 06:27
bd830fa6-5edf-4729-8ae2-094a6b1fda78,nagoya.express,available,12.49,39.99,medium,low,6,namesilo,,,28/09/2026 10:28
62da87b3-91f8-4003-81ec-ff52b903c24d,lollygag.express,available,9.98,49.98,medium,low,8,namecheap,,,11/09/2026 08:29
b85e334e-280c-4af4-8bda-7199745dd10c,aquatic.express,available,9.98,49.98,high,low,7,namecheap,,,06/08/2026 10:45
12dcdff0-6acd-4a40-8b13-570b7bbf4193,weaving.express,available,30.2,30.2,high,low,7,cloudflare,,,29/09/2026 14:07
99971e73-3950-4828-91fe-8578ff76be86,ram.express,premium,78.54,78.54,high,low,3,namesilo,,,20/09/2026 05:25
1b7c9eca-3d13-40ed-8713-1aaf42e44a3a,billet.express,available,12.49,39.99,high,low,6,namesilo,,,23/09/2026 10:14
9ebcedf8-f01e-4ed6-ae92-f79482f34166,lento.express,available,9.98,49.98,medium,low,5,namecheap,,,22/08/2026 23:53
2c1e7f66-adad-45dc-932a-5683b0398374,confined.express,available,9.98,49.98,medium,low,8,namecheap,,,11/08/2026 18:20
f62bf94e-de64-45fe-adef-ee469abe5585,ernest.express,available,9.98,49.98,high,low,6,namecheap,,,28/09/2026 11:52
c78f3210-7858-4ccd-9bb0-0a1c1e0de02e,sevenfold.express,available,9.98,49.98,medium,low,9,namecheap,,,10/09/2026 04:25
f012a5d9-bd17-4396-8de1-4e5961ad7ff8,scarlet.express,available,9.98,49.98,high,low,7,namecheap,,,10/08/2026 15:12
2f21068a-8dfd-4c97-beb2-ee728a5584a0,fusion.express,resell,,,high,medium,6,,,,29/09/2026 01:03
600fa017-f8f8-4bb6-ac6b-90cbd72077f0,sulphur.express,available,12.49,39.99,medium,low,7,namesilo,,,20/09/2026 22:29
bc0394bd-1d65-42bd-aaf8-4a038907e280,narrowly.express,available,9.98,49.98,medium,low,8,namecheap,,,15/09/2026 16:08
8152d21e-53e5-4bcd-ae5c-cff2cea5f141,deseret.express,available,11.5,,medium,low,7,unstoppable,,,01/10/2026 23:59
c9a5c528-fe56-4f80-9f10-a91731541b2a,squawker.express,available,12.49,39.99,medium,low,8,namesilo,,,23/09/2026 06:50
0e2956de-0f44-42ed-80b7-d8445575a637,uppermost.express,available,9.98,49.98,medium,low,9,namecheap,,,11/09/2026 17:48
c81959b5-0e3d-443e-9080-8d734c34f8bb,advert.express,available,12.49,39.99,high,low,6,namesilo,,,28/09/2026 11:46
96cacb69-c632-4e9b-9972-83991b4fd38a,herbaceous.express,available,9.98,49.98,medium,low,10,namecheap,,,21/08/2026 06:56
2768a901-6bc1-4fd7-98c7-d4556b9fc60e,consciousness.express,available,12.49,39.99,medium,low,13,namesilo,,,28/09/2026 08:13
7b4b6002-0c91-4f79-855c-423c4bfda0af,jungly.express,available,9.98,49.98,medium,low,6,namecheap,,,22/08/2026 14:27
f99f9efd-85b3-4062-98e5-637cc8f6a96b,hassle.express,available,12.49,39.99,high,low,6,namesilo,,,27/09/2026 16:35
304b366b-bcc3-48eb-81ed-d44c4500aaee,cordial.express,available,9.98,49.98,high,low,7,namecheap,,,21/09/2026 21:39
49313b2d-2b98-4256-b1ac-1a1a4ca60549,maris.express,available,12.49,39.99,high,low,5,namesilo,,,30/09/2026 05:12
a40663e7-eade-426d-a696-68e5ebf0d10a,crummy.express,available,9.98,49.98,medium,low,6,namecheap,,,11/08/2026 09:02
6fa268e1-8235-44d8-a1a3-aaefe68b9b87,precise.express,available,12.49,39.99,high,low,7,namesilo,,,27/09/2026 04:53
1f3224a1-0461-4c7e-bbc8-3644db861b27,pill.express,resell,16.99,,medium,low,4,name.com,,,28/09/2026 21:31
41cc74a7-0ef1-43ed-8ce2-05488ce87c20,gloom.express,available,30.2,30.2,high,low,5,cloudflare,,,01/10/2026 19:48
13c7db5a-a125-4ae1-b281-8ff02d14b984,eskimo.express,available,9,31.25,high,low,6,spaceship,,,30/09/2026 09:35
8f533ad9-989c-4596-99d0-5b4222cb4c32,shipowner.express,available,9.31,32.21,high,low,9,dynadot,,,01/10/2026 21:39
a2b80a9e-83b0-44a7-ac27-66828f50ecf3,chest.express,available,12.49,39.99,high,low,5,namesilo,,,24/09/2026 10:14
a445e791-6916-41ed-9f42-3b70d21e23d1,garnering.express,available,12.49,39.99,high,low,9,namesilo,,,30/09/2026 11:55
5fcdf5d7-cab7-4d3c-ad24-1ae2164484b1,omaha.express,available,12.49,39.99,high,low,5,namesilo,,,28/09/2026 14:49
178d0586-1416-4ca7-a2df-6df02140d119,charlie.express,available,9.98,49.98,high,medium,7,namecheap,,,25/09/2026 18:14
62e8bb9b-6e6e-4e35-a3f0-8bb639db8d82,prosily.express,available,9.98,49.98,low,low,7,namecheap,,,15/09/2026 21:46
783419de-da97-4d96-839c-8da16862d8a5,amphibian.express,available,9.98,49.98,high,low,9,namecheap,,,
87faab95-18ff-4944-9351-bc943c34ee83,cavalry.express,available,9,31.25,high,low,7,spaceship,,,28/09/2026 09:16
0310449f-b028-486d-98fe-879de83b3f18,rural.express,available,9.98,49.98,high,low,5,namecheap,,,08/09/2026 07:52
52a6ab07-e2d6-48ec-824b-ba3e0662be9f,sorensen.express,available,11.5,,high,low,8,unstoppable,,,30/09/2026 02:56
4ce10ce1-4c92-41be-81d0-fdab24768cc1,feb.express,premium,34.36,34.36,high,low,3,spaceship,,,29/09/2026 19:04
aa14b91a-2289-4f19-929c-3b29b6dec05f,continuing.express,available,16.99,50.99,high,low,10,name.com,,,23/09/2026 22:17
79ff21af-f540-4960-88b2-2b47a0e079ee,glazed.express,available,9.98,49.98,high,low,6,namecheap,,,20/08/2026 14:05
ea1d048d-36ef-44ba-84ac-a5c058d986a1,seconded.express,available,12.49,39.99,medium,low,8,namesilo,,,20/09/2026 15:37
f417eb16-3776-4a17-8151-6bafb81cba30,incurable.express,available,9.98,49.98,medium,low,9,namecheap,,,22/08/2026 02:06
361d9ab3-2202-443a-a4ac-828cdca275ac,improvise.express,available,9.98,49.98,high,low,9,namecheap,,,21/09/2026 16:45
2b2742eb-dbf0-4339-a4e3-fceab3f210b2,midlife.express,available,16.99,,high,low,8,name.com,,,
168efeb9-76c9-4330-b8eb-9c00c8041521,enlivened.express,available,9.98,49.98,medium,low,9,namecheap,,,17/08/2026 09:37
8b249558-ea35-45b8-9a7f-11904cac7d75,nubby.express,available,9.98,49.98,medium,low,5,namecheap,,,21/08/2026 11:15
91baaed8-e311-49a4-94cf-9f7f036fb33b,whizz.express,available,9.98,49.98,high,low,5,namecheap,,,21/09/2026 18:06
f761ff01-f6cb-4b08-8b84-09552bbdc820,pasture.express,available,12.49,39.99,high,low,7,namesilo,,,29/09/2026 00:44
accf9331-cba4-4086-ad40-58c81064f5e8,owned.express,available,12.49,39.99,high,low,5,namesilo,,,26/09/2026 03:41
98d259fa-5589-4dad-baf0-c28a3cefbb73,keyless.express,available,9.98,49.98,medium,low,7,namecheap,,,22/08/2026 15:44
4e71283d-193a-44b7-91ab-3e9a1a68c6eb,pricing.express,available,30.2,30.2,high,low,7,cloudflare,,,30/09/2026 07:19
51f59112-a801-45db-89a8-146cbe93417c,curiously.express,available,9,31.25,medium,low,9,spaceship,,,28/09/2026 14:28
ed3042f7-6d15-422c-b31a-c801450d5ef1,roost.express,available,9,31.25,high,low,5,spaceship,,,02/10/2026 06:04
65eaa6b3-dadf-4903-9c33-5005dfd2d984,barong.express,available,12.49,39.99,medium,low,6,namesilo,,,22/09/2026 07:38
e5b6a6c8-8c7c-4869-a8f8-54acda4700cf,nadine.express,available,9,31.25,medium,low,6,spaceship,,,29/09/2026 22:08
690a71f2-1a85-45d5-9057-eb6d0597713b,adviser.express,available,9,31.25,high,low,7,spaceship,,,28/09/2026 19:03
69644a73-2dda-49cb-9054-a6529f57b0f0,adler.express,available,12.49,39.99,high,low,5,namesilo,,,25/09/2026 13:44
129c9db9-5ab4-4888-971f-c939776efa48,noctuidae.express,available,9.27,31.41,high,low,9,porkbun,,,30/09/2026 17:16
94fde28a-2dac-434e-b07c-c1e9adbc5aa3,gradable.express,available,9.98,49.98,medium,low,8,namecheap,,,08/09/2026 03:31
2da4a181-bfb0-4c29-81d6-03f0af93245d,dresser.express,available,12.49,39.99,high,low,7,namesilo,,,17/09/2026 05:17
5e687ab1-b11e-4872-95a1-0c56bb4cb220,ezra.express,available,9,31.25,high,low,4,spaceship,,,28/09/2026 18:27
605801ed-6fc2-4407-bc67-af0d94195361,markov.express,available,9.98,49.98,high,low,6,namecheap,,,19/09/2026 04:17
5466821d-447d-4872-b847-7da7bc7341da,had.express,premium,38.94,38.94,high,low,3,namesilo,,,
c87913cc-f72d-4445-bd29-ff34da4bdf97,footprint.express,available,9,31.25,high,low,9,spaceship,,,29/09/2026 12:23
bd82537c-a5ff-41a9-b31d-3240f18ebdd4,saturated.express,available,9.98,49.98,medium,low,9,namecheap,,,09/09/2026 21:53
e185c58d-570e-4ef5-8abf-cba72a2cc724,reprieve.express,available,12.49,39.99,high,low,8,namesilo,,,16/09/2026 14:08
4d5348ea-a5ba-4e16-a3a2-05b9266910e4,scotia.express,available,9,31.25,high,low,6,spaceship,,,01/10/2026 23:20
cc8b79b6-c614-4143-9f4f-a211ac4c7e47,renton.express,available,9,31.25,high,low,6,spaceship,,,01/10/2026 11:20
65eb3274-7121-43a1-be88-b73666d3ae6f,annealing.express,available,9.98,49.98,high,low,9,namecheap,,,11/09/2026 10:58
860b47dc-e0d7-4827-8c81-9c359e8364d8,broadly.express,available,9.98,49.98,medium,low,7,namecheap,,,28/09/2026 13:32
8011eb0c-1a42-4d60-b386-4ce3db8345d9,martha.express,available,11.5,,high,low,6,unstoppable,,,01/10/2026 00:59
e4f2cc2b-2025-451d-90bf-65fa495223e1,oppression.express,available,30.2,30.2,medium,low,10,cloudflare,,,29/09/2026 13:36
fa267553-d36d-426b-933e-73fd9c1f36b4,processed.express,available,12.49,39.99,high,low,9,namesilo,,,02/10/2026 12:47
9dc0ce32-2a19-49b1-a674-259f2a1ea5ee,diacritic.express,available,9.98,49.98,medium,low,9,namecheap,,,14/08/2026 05:43
5eaef57c-6908-4922-a56b-424e984f68b1,firsthand.express,available,9,31.25,high,low,9,spaceship,,,01/10/2026 13:24
3f29f95d-0288-4ff3-8d9e-e68402db9fa8,possessive.express,available,9.98,49.98,medium,low,10,namecheap,,,18/08/2026 21:44
d3bdc719-60a8-4f9f-867c-e67b8013ed01,epidemic.express,available,12.49,39.99,high,low,8,namesilo,,,24/09/2026 14:35
85bf4cef-6909-46b5-89f8-300910ddab93,academical.express,available,11.5,,high,low,10,unstoppable,,,01/10/2026 22:17
fe1cb534-bd24-458c-9ff6-5838ece25d83,combs.express,available,30.2,30.2,high,low,5,cloudflare,,,02/10/2026 00:48
9e64019d-ad9a-4f14-906a-b94e5148f320,confirmation.express,available,9,31.25,high,low,12,spaceship,,,28/09/2026 04:27
89cdf09b-4e86-4de3-8507-274c4fd5490c,bhakti.express,available,12.49,39.99,medium,low,6,namesilo,,,23/09/2026 12:33
5d75f00e-2da5-454f-a27d-c9be4d4719c9,anthology.express,available,12.49,39.99,high,low,9,namesilo,,,19/09/2026 13:28
a8e31386-f378-4b2f-beb4-dedc883772aa,knee.express,available,12.49,39.99,high,low,4,namesilo,,,20/09/2026 11:27
300f05c1-17b5-41d4-a944-f266c6bcc66a,handles.express,available,12.49,39.99,medium,low,7,namesilo,,,28/09/2026 13:13
0c06dbc2-7daf-4de0-808c-6d87bd5a7d92,julian.express,available,9.98,49.98,high,low,6,namecheap,,,22/08/2026 14:19
aa4e8c69-edd0-48ba-a529-2b1eeb123a5f,having.express,available,9,31.25,high,low,6,spaceship,,,01/10/2026 01:15
41b264bd-506d-451d-b1a5-b97023b02c07,applicable.express,available,9.98,49.98,high,low,10,namecheap,,,06/08/2026 07:06
01c4c807-226c-4f8d-a60e-f50011c79672,stevie.express,available,9.31,32.21,high,low,6,dynadot,,,28/09/2026 07:58
065d6ba0-a174-4edd-9cc3-d2e10c8008a5,none.express,available,9.98,49.98,high,low,4,namecheap,,,25/09/2026 23:02
ceb66779-a993-4640-ac5d-2d4950be75d4,inflicted.express,available,9,31.25,medium,low,9,spaceship,,,30/09/2026 00:06
76e2e7aa-e72d-4eba-8b13-381f591fc39d,romp.express,available,9.98,49.98,high,low,4,namecheap,,,09/09/2026 19:26
f064f95b-dfd1-4ae4-8f1c-ac07b3a88cd0,sensors.express,available,9.27,31.41,medium,low,7,porkbun,,,28/09/2026 09:09
67171c4b-38d6-41bb-a2ce-663fc662f73a,christiana.express,available,30.2,30.2,medium,low,10,cloudflare,,,01/10/2026 00:03
905ed441-67b2-4693-9119-8b26efb02de6,cassel.express,available,12.49,39.99,high,low,6,namesilo,,,30/09/2026 13:49
fff93086-4628-44fb-badb-b276c49de3db,extravert.express,available,9.98,49.98,high,low,9,namecheap,,,17/08/2026 19:28
1f2fb17a-a584-4329-a467-3ee73d3211aa,prow.express,available,9.98,49.98,high,low,4,namecheap,,,18/08/2026 11:28
acdca93f-802a-4af9-80a2-c1a104b99d25,gadsden.express,available,9.98,49.98,medium,low,7,namecheap,,,30/09/2026 01:42
9364c40a-fe00-49ab-a86e-6fa5edda88d1,likeable.express,available,9.98,49.98,high,low,8,namecheap,,,23/08/2026 06:11
020d61b4-b1ba-4b05-a0df-8c82ac6aa9fa,rite.express,available,9.98,49.98,high,low,4,namecheap,,,09/09/2026 18:03
4974b957-d193-4b74-b6ff-2a3cf19a3bc4,persons.express,available,9,31.25,medium,low,7,spaceship,,,27/09/2026 21:14
aa26dc95-f2af-4866-892b-e726e56b9650,aubergine.express,available,16.99,50.99,high,low,9,name.com,,,21/09/2026 02:33
2966109b-76ba-4a34-ab0f-6be0117fdb09,monte.express,available,9.98,49.98,high,low,5,namecheap,,,28/09/2026 05:47
f1ab86f2-9ec4-45ba-8493-539c4e2a987e,notifies.express,available,12.49,39.99,medium,low,8,namesilo,,,18/09/2026 08:35
10f23df2-306b-4124-b489-b028ca33449d,goosebumps.express,available,9.98,49.98,medium,low,10,namecheap,,,19/09/2026 00:04
e2bcd883-71c2-4413-b5ed-fbc60d217c00,aucuba.express,available,12.49,39.99,medium,low,6,namesilo,,,21/09/2026 02:47
f127d39b-b489-4d7f-874a-fbc72d503e92,snatcher.express,available,12.49,39.99,medium,low,8,namesilo,,,16/09/2026 14:55
cb1bbaff-ea7f-4ba5-8593-d50a7169a2fa,lefty.express,available,11.5,,high,low,5,unstoppable,,,02/10/2026 05:35
02ba5c18-37c5-4c11-8352-b6df1a455826,lightweight.express,available,11.5,32.21,medium,low,11,unstoppable,,,02/10/2026 11:26
414787c6-d8c6-4ac5-ae57-8d7b3727fea6,defenders.express,available,16.99,59.99,medium,low,9,godaddy,,,01/10/2026 00:48
9ebb3a27-f980-4256-87f2-9ecb68a78da0,influencing.express,available,11.5,,high,low,11,unstoppable,,,01/10/2026 22:55
3fc61e91-888f-4b3a-bae0-cd3c3cfe78c3,apology.express,available,30.2,30.2,high,low,7,cloudflare,,,28/09/2026 21:41
156dca72-6c8a-4615-922f-1fe8ac664171,withdrawing.express,available,30.2,30.2,medium,low,11,cloudflare,,,29/09/2026 21:24
442fe8e9-13cd-48d5-8f38-27f41c447221,myths.express,available,9,31.25,medium,low,5,spaceship,,,30/09/2026 00:32
49b44c26-3714-4015-badf-3745077615ec,videos.express,premium,118.8,118.8,medium,low,6,namesilo,,,02/10/2026 23:36
addb0b77-7cd1-48bf-88a0-695d5e390915,hepburn.express,available,9.31,32.21,high,low,7,dynadot,,,30/09/2026 17:34
03f1ff4e-efee-4be8-a6a5-947961e187ba,aberdeenshire.express,available,9.98,49.98,medium,low,13,namecheap,,,02/10/2026 20:15
46e23e6d-271c-47ea-b098-606db34c143d,grandstand.express,available,9,31.25,high,low,10,spaceship,,,03/10/2026 00:14
00653321-4b94-4593-9077-a216523b9dcf,kari.express,available,9,31.25,medium,low,4,spaceship,,,30/09/2026 13:17
15731d46-3a93-446d-b4ad-a1b4efdf1067,vegetal.express,available,9.98,49.98,medium,low,7,namecheap,,,13/09/2026 01:42
a027f6a9-337b-4a53-8329-e6a4ecd5d64a,lorna.express,available,9.27,31.41,medium,low,5,porkbun,,,29/09/2026 15:29
db6e0e08-3c5f-4dee-86f5-7428d355bc5d,outmoded.express,available,9.98,49.98,medium,low,8,namecheap,,,14/08/2026 01:15
944ef43c-9a43-4bb1-a295-a463372ed1a2,agreements.express,available,12.49,39.99,medium,low,10,namesilo,,,17/09/2026 03:09
fd5aa5ca-9c8a-4952-8d90-788da6123e5b,authorizer.express,available,12.49,39.99,medium,low,10,namesilo,,,21/09/2026 05:13
7d30b278-48e3-430e-997c-868761ee229e,corinthian.express,available,9.98,49.98,high,low,10,namecheap,,,13/08/2026 01:16
07da6463-73fe-46db-a490-832a0194e925,trivalent.express,available,9.98,49.98,medium,low,9,namecheap,,,11/09/2026 20:13
675f5d5f-6e4d-4f91-971e-70d9ada9fbdd,chesty.express,available,9.98,49.98,medium,low,6,namecheap,,,06/08/2026 22:08
bc37614d-cc37-4696-a9d1-37d6f2deea40,defeats.express,available,12.49,39.99,low,low,7,namesilo,,,30/09/2026 15:35
bf4020b4-b2c9-4faa-a2f8-5d48b60a8f98,theropod.express,available,9.98,49.98,medium,low,8,namecheap,,,23/09/2026 19:39
4a5212e2-1ea4-4399-9aac-f8f9e45f487c,rakes.express,available,12.49,39.99,medium,low,5,namesilo,,,20/09/2026 22:29
7d2794a5-0aed-4fee-a823-e2989d009995,asha.express,available,12.49,39.99,high,low,4,namesilo,,,30/09/2026 04:47
d644d58c-ee91-43e0-b071-db2585c1ca34,latin.express,available,9.98,49.98,high,low,5,namecheap,,,22/08/2026 20:39
ba68447b-b1ea-427e-b042-f27ec5b3e162,octave.express,available,11.5,,high,low,6,unstoppable,,,02/10/2026 05:50
dd2b7445-c08f-4c93-8b70-0d1cdd89aa04,anyplace.express,available,9.98,49.98,medium,low,8,namecheap,,,13/09/2026 20:15
aa881556-42b5-424e-b0cc-3f1a8ae2d0e4,nevis.express,available,30.2,30.2,high,low,5,cloudflare,,,29/09/2026 07:42
4b37daa3-c8e2-4605-b966-340abbca456b,muddled.express,available,9.98,49.98,medium,low,7,namecheap,,,03/09/2026 10:22
a040bf65-550d-4c65-b6c5-e49d0b2a6eff,shuffle.express,available,30.2,30.2,high,low,7,cloudflare,,,29/09/2026 13:56
306ed344-32f1-4e6c-b85e-a9f7baf118f8,elementary.express,available,9.98,49.98,high,low,10,namecheap,,,16/08/2026 03:31
8683e353-553e-4fae-b0fa-a635f1d2d11a,proportion.express,available,9.98,49.98,high,low,10,namecheap,,,30/09/2026 07:43
e8f613e1-82d0-414e-9074-7bf371f3b812,inca.express,available,9.98,49.98,high,low,4,namecheap,,,22/08/2026 00:46
3a564abb-65ac-4645-a6d7-87f637ea093a,censor.express,available,12.49,39.99,high,low,6,namesilo,,,22/09/2026 00:43
334f4dc6-5e02-45e1-ad7c-97a2b5b3c7ca,clinics.express,available,9.98,49.98,medium,low,7,namecheap,,,20/09/2026 12:34
a1441476-7b77-4380-9e85-e914aa983747,armrest.express,available,12.49,39.99,medium,low,7,namesilo,,,20/09/2026 07:41
eda31b8c-2c10-47dc-9b9c-be75405a6fca,rents.express,available,9,31.25,high,low,5,spaceship,,,30/09/2026 15:40
afca4fc4-964b-46ce-8a0c-e89b4c2e9f68,uncensored.express,available,9.98,49.98,medium,low,10,namecheap,,,12/09/2026 04:53
9e6675d5-aa16-4ee1-bc2d-089a097177a6,pack.express,resell,,,high,low,4,"Sav.com, LLC",31/08/2026 18:01,31/08/2027 18:01,26/09/2026 07:59
24629c19-546d-4cfe-be17-434c045a1975,tush.express,available,9.98,49.98,medium,low,4,namecheap,,,09/08/2026 11:45
0e0a87ed-075c-423e-b364-dd9d00107079,apneic.express,available,9.98,49.98,medium,low,6,namecheap,,,06/08/2026 00:40
b42c3454-8907-4c59-85cb-d067940a476b,cured.express,available,9.98,49.98,high,low,5,namecheap,,,13/08/2026 01:35
de23b036-dda1-4f3b-87a6-c065acb8f248,regulator.express,available,9,31.25,high,low,9,spaceship,,,29/09/2026 20:08
92fe3a8c-94b0-4c9c-960a-82499f03d743,nether.express,available,9.98,49.98,high,low,6,namecheap,,,12/08/2026 07:29
2efec9c9-8b1b-4e6f-9374-e65ba5100ed8,ordnance.express,available,12.49,39.99,high,low,8,namesilo,,,20/09/2026 11:44
a52813d9-b176-4049-be91-b89e4aa72b02,lusaka.express,available,12.49,39.99,medium,low,6,namesilo,,,24/09/2026 12:35
7aa888b5-0b1e-4144-945f-99f2b340a5a0,zanzibar.express,available,12.49,39.99,high,low,8,namesilo,,,30/09/2026 14:48
30cc9b95-93ed-4c41-bfa5-93668211cd30,kendall.express,available,12.49,39.99,high,low,7,namesilo,,,25/09/2026 05:14
5677782a-e411-489e-86fb-92ae41d71f40,reinstate.express,available,30.2,30.2,high,low,9,cloudflare,,,01/10/2026 22:12
642c8279-6431-478f-801b-0afc5a7d721f,nautilus.express,available,9.98,49.98,high,low,8,namecheap,,,20/09/2026 04:33
0385516c-b4b6-45ce-a838-37babfc6af80,location.express,available,9.98,49.98,high,low,8,namecheap,,,27/09/2026 04:42
cd891322-9dd7-4f9c-a201-8f6c72d03c9f,rocker.express,available,12.49,39.99,high,low,6,namesilo,,,30/09/2026 10:59
8207ad8b-4be0-41eb-8ad2-7793f47f930e,palpable.express,available,9.98,49.98,high,low,8,namecheap,,,05/09/2026 00:07
82efc36a-184c-42c3-b5db-78ac1f15043d,judgmental.express,available,9.98,49.98,medium,low,10,namecheap,,,22/08/2026 14:10
6545f610-3d77-4dd3-8041-c982f8f4148c,asclepius.express,available,12.49,39.99,medium,low,9,namesilo,,,17/09/2026 13:21
0bcad68e-8e5a-4072-9676-7bec1f41b207,duodecimal.express,available,9.98,49.98,medium,low,10,namecheap,,,14/08/2026 21:19
736ba255-f2f4-4158-b215-805b445838d1,coachella.express,available,30.2,30.2,high,low,9,cloudflare,,,30/09/2026 22:20
546d4087-ff0f-4aff-acf3-4f9499e9e3ea,feldman.express,available,30.2,30.2,medium,low,7,cloudflare,,,27/09/2026 20:17
7a9f055e-4d96-45e7-94dc-d32f52d34004,judaism.express,available,11.5,,high,low,7,unstoppable,,,01/10/2026 02:27
cc08b5dc-7169-4e52-aab3-9113015354cf,cuttable.express,available,9.98,49.98,medium,low,8,namecheap,,,12/08/2026 04:30
50908277-a7aa-4a92-be7c-0c2217a3216f,misdirect.express,available,9.98,49.98,medium,low,9,namecheap,,,13/08/2026 02:26
bfa26db5-e008-45dd-b851-1093b1ec1d8a,nausea.express,available,12.49,39.99,medium,low,6,namesilo,,,29/09/2026 13:32
57dc0763-e521-4e13-bdcd-ebfdcab14b3c,grooves.express,available,12.49,39.99,medium,low,7,namesilo,,,02/10/2026 21:58
0d9e213f-6f7e-4290-8f40-417c3c288659,diatonic.express,available,9.98,49.98,medium,low,8,namecheap,,,14/08/2026 06:21
98ac1d03-0d94-4817-90f4-344d778a2c74,benefice.express,available,12.49,39.99,high,low,8,namesilo,,,23/09/2026 07:54
1b832d23-59a1-44d8-ab68-1fed8f7ce9ae,humming.express,available,11.5,,high,low,7,unstoppable,,,29/09/2026 07:18
cacdf89c-f551-4a5b-a4f9-0f18a66dbce0,lily.express,available,9.98,49.98,high,medium,4,namecheap,,,28/09/2026 02:17
64a1b9da-510a-4142-b5e6-504a6cb1ccc5,bordello.express,available,9.98,49.98,medium,low,8,namecheap,,,21/09/2026 18:17
2b015c75-3e48-411e-a481-aa16e82d17d8,needless.express,available,9.98,49.98,medium,low,8,namecheap,,,03/09/2026 14:55
98df816b-be09-400a-b4e4-d415f7e76f6d,panoramic.express,available,9.98,49.98,high,low,9,namecheap,,,22/09/2026 21:06
19249ca0-f402-4677-bf74-8b15d65798fa,doherty.express,available,30.2,30.2,medium,low,7,cloudflare,,,28/09/2026 04:19
af63700e-0297-423c-8756-065553907537,burned.express,available,12.49,39.99,medium,low,6,namesilo,,,23/09/2026 11:37
06523896-0e00-4628-9404-a15aa4752fac,unfinished.express,available,9.98,49.98,high,low,10,namecheap,,,12/09/2026 10:17
df9ecf65-2dfa-49cd-b257-ed1e27c5afc1,bifurcated.express,available,9.98,49.98,medium,low,10,namecheap,,,09/08/2026 20:24
68172fa1-62ed-4b27-8382-11828748b1cf,zucker.express,available,12.49,39.99,high,low,6,namesilo,,,02/10/2026 17:19
cea65715-9676-4d37-8aca-02c87294c481,escalated.express,available,9,31.25,medium,low,9,spaceship,,,02/10/2026 23:27
0a3b73d9-56c0-4fb8-bb6e-9333cb1d6ec7,vcr.express,premium,78.54,78.54,high,low,3,namesilo,,,02/10/2026 06:38
9e07585c-34f4-4253-8313-286014499b8a,lenox.express,available,9,31.25,medium,low,5,spaceship,,,28/09/2026 22:22
88db3875-072c-4773-a2c3-817d78e1d14a,backstop.express,available,12.49,39.99,medium,low,8,namesilo,,,21/09/2026 16:06
e5f456ef-d3cc-40c2-a1c2-6c22974e0f07,haa.express,premium,78.54,78.54,high,low,3,namesilo,,,30/09/2026 12:30
bdafc315-715c-43a3-bf38-9f7ea281d983,swarthy.express,available,9.98,49.98,medium,low,7,namecheap,,,11/09/2026 05:25
dfad610e-eca2-42d5-9f75-479648546259,bobo.express,available,9.98,49.98,high,low,4,namecheap,,,02/10/2026 06:54
6686e740-d20a-4202-aabb-7a4c02ed4846,coowner.express,available,12.49,39.99,medium,low,8,namesilo,,,01/10/2026 15:31
cd983df2-ff0f-4c1b-b15e-e03724f765ab,subtle.express,available,9.98,49.98,high,low,6,namecheap,,,28/09/2026 01:48
090ae1b4-9962-46cc-a39b-7cf1a066c9cf,inbuilt.express,available,9.98,49.98,high,low,7,namecheap,,,11/08/2026 08:08
9c941c81-120d-4b41-8556-f5eb256b69c1,budget.express,available,9.98,49.98,high,low,6,namecheap,,,29/09/2026 05:05
ec940c9a-a554-4e67-b962-dee730ef7f25,emma.express,available,9.98,49.98,high,medium,4,namecheap,,,25/09/2026 12:33
ce3eacf4-f202-4d81-b216-7c4c255d8517,adjacency.express,available,12.49,39.99,high,low,9,namesilo,,,17/09/2026 08:24
906edf04-6bdb-4cf3-bee5-18fce180f291,ascii.express,available,12.49,39.99,high,low,5,namesilo,,,18/09/2026 20:43
2048f8ed-a67f-452a-bdf1-82d85573aaa2,permanently.express,available,12.49,39.99,medium,low,11,namesilo,,,28/09/2026 07:19
fce2e3b2-bc7f-4070-b2a7-852ae1438e4b,magdalena.express,available,16.99,59.99,medium,low,9,godaddy,,,28/09/2026 02:17
af13b7dc-4a28-440b-a9f1-146c7c00d361,iberia.express,resell,,,medium,low,6,,,,28/09/2026 14:29
40b94b7a-406f-4b14-929f-8a496119a066,futurity.express,available,9.98,49.98,medium,low,8,namecheap,,,18/08/2026 19:11
4fc23a66-e9e6-4de7-8f68-cd279c1ec0a1,makes.express,available,12.49,39.99,high,low,5,namesilo,,,16/09/2026 09:30
d08d97f5-0555-4697-b286-fb04963f7559,drogue.express,available,12.49,39.99,high,low,6,namesilo,,,17/09/2026 21:47
78ab48dc-58de-4dfa-85f2-16caf2dbbd0b,ricky.express,available,9,31.25,high,low,5,spaceship,,,27/09/2026 19:08
39d1e19d-fe0f-409e-93fa-cba96bf0f013,goddam.express,available,9.98,49.98,medium,low,6,namecheap,,,10/08/2026 12:44
22e9e788-0d27-45b1-bf2a-f87450311f54,nitpicking.express,available,12.49,39.99,medium,low,10,namesilo,,,19/09/2026 01:08
f586f98b-4318-4db9-b572-d1a05d914a00,governess.express,available,30.2,30.2,high,low,9,cloudflare,,,02/10/2026 15:36
ad7c583f-e69e-4092-9513-3cc5df90c95d,subscriber.express,available,9.98,49.98,high,low,10,namecheap,,,24/09/2026 17:47
5b773cec-2599-4a94-817b-3c9773d05ad2,intuitive.express,available,9,31.25,high,low,9,spaceship,,,01/10/2026 15:52
7d494a2a-0681-48c7-83a1-74bdef549157,dome.express,available,12.49,39.99,medium,low,4,namesilo,,,29/09/2026 00:15
2005a6d2-6733-4a00-a65d-fb5d167b199f,quoted.express,available,9,31.25,medium,low,6,spaceship,,,29/09/2026 23:28
8f4c527d-29af-4004-bce0-2080a958aa83,aplysia.express,available,9.98,49.98,medium,low,7,namecheap,,,19/09/2026 17:53
df82cfde-3fd2-443a-9072-eda7b24d1a50,chargeman.express,available,12.49,39.99,medium,low,9,namesilo,,,24/09/2026 04:25
91fc5e0d-b62e-4c71-84c7-91fe02a0175c,maj.express,premium,78.54,78.54,high,low,3,namesilo,,,27/09/2026 02:37
d7d43bf1-17c2-43c5-b8a6-29548d25280f,scarring.express,available,9.31,32.21,medium,low,8,dynadot,,,03/10/2026 03:38
893bc4d8-84fe-4ce5-ba81-40f4387cd1fa,rightish.express,available,9.98,49.98,medium,low,8,namecheap,,,09/09/2026 17:35
51c64684-0e4f-47f1-b50a-08cf41239274,swanson.express,available,9.31,32.21,high,low,7,dynadot,,,28/09/2026 02:01
49763af2-ff90-4f1b-8238-df091d1c1282,sending.express,available,12.49,39.99,high,low,7,namesilo,,,25/09/2026 10:37
136da361-3aab-4802-9f96-62bc0811d63e,connie.express,available,12.49,39.99,high,low,6,namesilo,,,25/09/2026 12:17
434f4ed6-0e15-4a8e-bdfa-1d93b281eb67,donnish.express,available,9.98,49.98,low,low,7,namecheap,,,14/08/2026 15:53
5dc8cbb7-c3bd-4296-b945-9ac8983e5740,myra.express,available,11.5,,medium,low,4,unstoppable,,,28/09/2026 22:02
884e125a-2e06-4518-8c41-91012bb3f99b,recognizes.express,available,11.5,,medium,low,10,unstoppable,,,29/09/2026 11:34
82c30dd7-ddf4-4455-a09d-a596e14c35e4,beatnik.express,available,12.49,39.99,high,low,7,namesilo,,,22/09/2026 21:43
60077221-2324-4c0b-a9c4-6636f275fd6a,scratched.express,available,9,31.25,medium,low,9,spaceship,,,01/10/2026 18:37
6066e0dd-5924-471a-a3ca-23085031adb2,primordium.express,available,12.49,39.99,medium,low,10,namesilo,,,19/09/2026 09:53
4c09c700-a471-4815-a0e2-edcaa8527336,passionate.express,available,12.49,39.99,high,low,10,namesilo,,,27/09/2026 02:53
b8c4d7a6-bda5-46cd-98c0-3d2d60fdc412,ministry.express,available,30.2,30.2,high,low,8,cloudflare,,,28/09/2026 19:53
70d2530f-b166-4f61-98c3-4a48876a44d0,courtship.express,available,11.5,,high,low,9,unstoppable,,,29/09/2026 18:31
d515f74b-40f2-4fc5-a37d-5df17b466acc,built.express,available,12.49,39.99,high,low,5,namesilo,,,23/09/2026 10:20
51dda38a-5d02-4cb8-bec1-020bb6e94800,structurally.express,available,9.98,49.98,medium,low,12,namecheap,,,17/09/2026 20:10
398680af-afac-4521-be57-db16e66805b5,unofficially.express,available,11.5,,medium,low,12,unstoppable,,,01/10/2026 06:20
bdec97e7-ae03-4535-8da2-803663ad5cd5,predatory.express,available,9.98,49.98,medium,low,9,namecheap,,,24/08/2026 15:43
cede9831-432c-4144-be22-1972b9ec0c2a,georgie.express,available,9.98,49.98,medium,low,7,namecheap,,,30/09/2026 04:43
6f7f795a-bd89-40e3-a68a-1001b73e7bc0,upsetting.express,available,9.98,49.98,medium,low,9,namecheap,,,14/08/2026 09:55
af557e6c-df1c-42ff-9f2e-d2e18ba2b610,adverse.express,available,9.98,49.98,medium,low,7,namecheap,,,
fcf89c21-e0d0-47ad-a8cc-52fb8cd4e6bc,stress.express,available,9,31.25,high,low,6,spaceship,,,28/09/2026 17:21
f1e21944-5272-4174-ba0b-566f82337a48,grumbler.express,available,9.98,49.98,medium,low,8,namecheap,,,23/09/2026 06:49
31636999-92b6-4a85-820f-ce3f2355b2bf,aikido.express,available,9.98,49.98,high,low,6,namecheap,,,17/09/2026 21:02
e4ea2b67-d232-43b7-90ff-7779a5534909,nonfat.express,available,9.98,49.98,medium,low,6,namecheap,,,17/08/2026 23:23
20225a39-b9bb-48df-8d03-eafe1b73991a,fosamax.express,available,12.49,39.99,medium,low,7,namesilo,,,18/09/2026 05:11
4f752e5d-b3ce-48fd-82f0-e7c0fee26954,savagely.express,available,9.98,49.98,medium,low,8,namecheap,,,14/09/2026 01:43
4ff9ba1b-ab9d-4859-b636-708fee8f8a5a,fierce.express,available,12.49,39.99,high,low,6,namesilo,,,23/09/2026 01:48
e70e6acf-7b6d-4ac3-8014-39d33bf3d29a,expertly.express,available,9.98,49.98,medium,low,8,namecheap,,,14/09/2026 17:05
42645970-3669-4673-bdb1-eaccd96cc5d8,diligently.express,available,9.98,49.98,medium,low,10,namecheap,,,14/09/2026 12:40
977b3a25-6389-4318-b9e3-8a7ede5adcdc,uncoupled.express,available,9.98,49.98,medium,low,9,namecheap,,,12/09/2026 06:17
fb1c987c-6791-4a46-8eb2-807b50955e16,todd.express,available,12.49,39.99,high,low,4,namesilo,,,25/09/2026 09:07
32076f4d-196a-4af5-8f9c-bd537c2f79b5,tical.express,available,9.98,49.98,medium,low,5,namecheap,,,21/09/2026 18:48
4407ded3-8fe0-4967-8479-a53a91787bf5,lasted.express,available,9,31.25,medium,low,6,spaceship,,,28/09/2026 04:59
b554b431-08da-405c-91fa-a3b647890b73,mcc.express,premium,36.32,72.57,high,low,3,porkbun,,,27/09/2026 20:35
fc0f9132-3e12-45bd-9091-fc5066caaf00,acetabular.express,available,9.98,49.98,medium,low,10,namecheap,,,
01505b3e-805b-4893-abd8-3e8131ec839b,cagliari.express,available,30.2,30.2,medium,low,8,cloudflare,,,02/10/2026 08:20
5643ee3d-10d6-4308-93f3-3335be050422,craftily.express,available,9.98,49.98,medium,low,8,namecheap,,,14/09/2026 09:00
af0a5778-0fdd-4df6-8f64-86063e42db89,beatniks.express,available,9.98,49.98,medium,low,8,namecheap,,,22/09/2026 21:34
cbda1743-379a-4289-a9a9-c681674a5469,soissons.express,available,12.49,39.99,medium,low,8,namesilo,,,22/09/2026 15:58
ce5bd0fa-6a19-4e41-9756-54098adc619e,area.express,premium,78.54,78.54,high,low,4,namesilo,,,28/09/2026 22:00
d533fb43-04f8-480e-a25b-30cea1f8db25,retiring.express,available,9,31.25,high,low,8,spaceship,,,27/09/2026 13:20
cd56def4-8df5-481e-9dd6-43c3db0278d6,nanny.express,available,9.98,49.98,medium,low,5,namecheap,,,28/09/2026 10:30
7a160391-4ed3-4da0-b09e-02056c5c4022,panel.express,available,12.49,39.99,high,low,5,namesilo,,,19/09/2026 11:40
7da25ff6-b910-432f-bf40-e9aa3aa4e376,trimox.express,available,9.98,49.98,medium,low,6,namecheap,,,18/09/2026 22:57
8c67c764-6ff7-460a-9c89-0c69cb79d92e,say.express,premium,78.54,78.54,high,low,3,namesilo,,,30/09/2026 06:12
71ec203a-952f-4c9a-813b-4e3af2e389ed,muscle.express,available,12.49,39.99,high,low,6,namesilo,,,24/09/2026 08:22
a8409fc4-7768-458f-b5f1-5450b045cdf9,apprehend.express,available,12.49,39.99,high,low,9,namesilo,,,20/09/2026 09:02
a301e32d-adb4-4d3e-adfa-b237bf60fff5,flame.express,available,9.98,49.98,high,low,5,namecheap,,,24/09/2026 19:16
67a6f6ab-28b3-4aff-b459-25629d6133e3,nrl.express,premium,18.3,36.55,medium,low,3,porkbun,,,28/09/2026 10:31
56895aab-64cb-438d-8ca0-c1a8f73a4fd8,miracles.express,available,9,31.25,high,low,8,spaceship,,,28/09/2026 05:03
c556ede2-34ac-486e-ad3d-0d72fff943fa,incident.express,available,9.98,49.98,high,low,8,namecheap,,,22/08/2026 01:19
16e73bb9-b432-4170-afb3-5cbeea395061,evanescent.express,available,9.98,49.98,medium,low,10,namecheap,,,17/08/2026 14:37
b99817b4-acc8-4f49-a3d6-afdf3193f287,biodefence.express,available,9.98,49.98,medium,low,10,namecheap,,,23/09/2026 17:51
a84f5425-87d4-4ec0-a03e-66b8a5d3c682,breezily.express,available,9.98,49.98,medium,low,8,namecheap,,,14/09/2026 01:28
a02b8d51-ac1f-4512-84b3-664d00713dc3,conscious.express,available,9.98,49.98,high,low,9,namecheap,,,23/09/2026 20:38
8f307399-d575-41f6-be64-1c49b168a551,inocor.express,available,12.49,39.99,medium,low,6,namesilo,,,18/09/2026 23:58
345a617b-9491-42af-ba98-d2ed25a20a5b,censored.express,available,9.98,49.98,medium,low,8,namecheap,,,11/08/2026 23:47
1f92f7d5-5877-447f-bcbd-82488a42b4f1,orpine.express,available,9.98,49.98,medium,low,6,namecheap,,,24/08/2026 07:58
9589f54e-8f9a-4ced-9f11-3b22b8d5e594,help.express,resell,42.9,42.9,high,medium,4,"Spaceship, Inc.",03/04/2026 20:47,03/04/2027 20:47,29/09/2026 10:04
e737d448-923e-40fa-b25b-0430d3505797,cues.express,available,12.49,39.99,medium,low,4,namesilo,,,01/10/2026 00:54
b3eef0d3-3d99-4ca9-924e-40a38bd25df9,galloway.express,available,11.5,,high,low,8,unstoppable,,,01/10/2026 19:42
92d8f1f5-114a-4634-ad88-a6da98e9d5ea,bert.express,available,12.49,39.99,high,low,4,namesilo,,,25/09/2026 14:48
f86055a5-200b-46ac-b57b-718f3fec14d4,antioxidant.express,available,30.2,30.2,high,low,11,cloudflare,,,01/10/2026 08:00
566d549e-12ce-46d5-b6ea-0788c21320f1,possess.express,available,12.49,39.99,high,low,7,namesilo,,,26/09/2026 03:38
4f3a402f-27dd-4e62-b1fc-c0d682b42fbf,wish.express,resell,,,high,low,4,Automattic Inc.,04/06/2021 18:47,04/06/2028 18:47,26/09/2026 10:11
d9563cfd-4c79-4ddc-a405-652e72d34880,skittish.express,available,9.98,49.98,medium,low,8,namecheap,,,10/09/2026 09:48
2013ca55-d562-43d0-b4f2-df326f5b3f2f,plait.express,available,9.98,49.98,high,low,5,namecheap,,,24/09/2026 07:55
6948e4e4-e709-4171-bcc6-925a8a047400,impulsive.express,available,9.98,49.98,high,low,9,namecheap,,,11/08/2026 01:34
88ad54b7-4514-4e69-97ee-b5ce5035661b,lap.express,premium,38.94,38.94,high,low,3,namesilo,,,28/09/2026 02:11
8cd2ca21-bd56-4fa7-8d4f-030a2b7377a3,numerate.express,available,9.98,49.98,medium,low,8,namecheap,,,03/09/2026 22:56
f63bcc79-0483-4a40-a313-31164f8a212d,exiting.express,available,12.49,39.99,high,low,7,namesilo,,,01/10/2026 05:02
0a49694c-ac34-47e5-96c1-8df5bdc0d650,bouffant.express,available,9.98,49.98,high,low,8,namecheap,,,10/08/2026 21:32
f67d2f1d-2f0c-46ac-ae19-8278134a43cc,apteryx.express,available,12.49,39.99,medium,low,7,namesilo,,,19/09/2026 22:37
33731004-7984-4412-a0cc-7fd33e5de3d9,bohr.express,available,9,31.25,medium,low,4,spaceship,,,29/09/2026 18:01
03c05e64-134d-485f-9727-dc51f7a897c5,germfree.express,available,9.98,49.98,medium,low,8,namecheap,,,18/08/2026 22:48
3b2a6f70-b3c9-44f1-8c03-a7bfa71f3afa,angular.express,available,12.49,39.99,high,low,7,namesilo,,,22/09/2026 04:30
afbcbfd2-2534-431f-8f5a-51a2391d5e91,soundly.express,available,12.49,39.99,medium,low,7,namesilo,,,16/09/2026 05:34
efedda31-1514-48a0-9432-27a6ae7ee171,cystic.express,available,16.99,50.99,medium,low,6,name.com,,,13/08/2026 14:36
e5a36a24-47ad-49df-9aca-36faa38f14da,swears.express,available,11.5,,low,low,6,unstoppable,,,02/10/2026 12:52
174fbb11-5d86-4bd7-8bd4-2d01ad19f87e,cogent.express,available,9.98,49.98,medium,low,6,namecheap,,,12/08/2026 15:33
2b4d894d-e829-4554-ade4-d08226b3ebcd,polly.express,available,12.49,39.99,high,low,5,namesilo,,,28/09/2026 07:34
72c5d4c5-ab48-4633-babf-c891ba3df2c4,villiers.express,available,9,31.25,medium,low,8,spaceship,,,29/09/2026 09:13
1f53d167-713a-40b5-bebd-addb58f39342,appetiser.express,available,9.98,49.98,medium,low,9,namecheap,,,19/09/2026 20:48
a50c4bf7-87b4-4ab1-9641-3c05441a4f26,gerrard.express,available,12.49,39.99,medium,low,7,namesilo,,,01/10/2026 10:05
f5845b2f-caf0-4aa4-9973-f99d464d1db1,andrade.express,available,9,31.25,medium,low,7,spaceship,,,29/09/2026 10:57
4477e23f-f26d-4138-9363-877858ecf714,chip.express,available,9,31.25,high,low,4,spaceship,,,01/10/2026 01:58
c70468a2-06ab-4923-b3bb-64c7609f94b9,panels.express,available,12.49,39.99,medium,low,6,namesilo,,,19/09/2026 23:14
947205d1-d0b7-4d7f-a4e3-ebe37033b092,uniting.express,available,12.49,39.99,high,low,7,namesilo,,,18/09/2026 15:39
694a8549-cc44-493c-bff6-d98a5d785cab,cushioned.express,available,9.98,49.98,high,low,9,namecheap,,,13/08/2026 11:53
37e48548-5843-4be0-8073-1038e51c5782,honor.express,available,30.2,30.2,high,low,5,cloudflare,,,01/10/2026 16:47
4d498e37-dd6e-4aa6-baf6-92726a179a5f,beacon.express,resell,,,high,medium,6,Squarespace Domains II LLC,02/06/2021 14:52,02/06/2027 14:52,26/09/2026 04:18
1cdb32ec-8824-4e30-bc63-f83c1e4d6c00,teri.express,available,30.2,30.2,medium,low,4,cloudflare,,,02/10/2026 00:23
5182b3b9-02ce-41fb-be2b-5a71d450714d,lifting.express,available,30.2,30.2,high,low,7,cloudflare,,,28/09/2026 04:32
e7c511fc-c3f4-4864-8d3d-b288ca5dc65b,coolly.express,available,12.49,39.99,medium,low,6,namesilo,,,28/09/2026 14:20
7c0697ba-2d80-422b-a859-e4b0e86d33fb,wilhelmina.express,available,9,31.25,medium,low,10,spaceship,,,30/09/2026 04:45
47ad7eca-0cf2-48c7-9b19-81fe8940fa5d,arizonian.express,available,9.98,49.98,medium,low,9,namecheap,,,20/09/2026 06:06
7e4a680e-8976-4a76-9dde-b6ecbb8a515a,doj.express,premium,68.51,68.51,medium,low,3,spaceship,,,29/09/2026 12:03
5471cbab-dbaf-4dd7-83e8-02b9d9d8b6ad,seawater.express,available,11.5,,high,low,8,unstoppable,,,02/10/2026 04:10
2a529f17-6a01-4edf-ae23-36bfaa25a059,crucify.express,available,9.98,49.98,medium,low,7,namecheap,,,14/08/2026 21:17
768d5c84-ade0-41f3-b2fc-a5037c0aff29,whipple.express,available,12.49,39.99,medium,low,7,namesilo,,,28/09/2026 16:10
99557cde-9024-45e1-9868-ce9706320935,sparsely.express,available,9.98,49.98,medium,low,8,namecheap,,,16/09/2026 05:55
e2f4224a-442c-4886-94e5-d7488de30439,dalhousie.express,available,12.49,39.99,medium,low,9,namesilo,,,29/09/2026 21:41
db723d95-c63a-4f8a-acc0-945d9f5e7ffd,manning.express,available,9,31.25,high,low,7,spaceship,,,02/10/2026 00:34
32741d33-1be9-45d5-a399-1f17bf17f3cf,barbette.express,available,12.49,39.99,medium,low,8,namesilo,,,22/09/2026 04:54
16285b4c-d906-434d-a444-bd6fce3de346,pondered.express,available,12.49,39.99,medium,low,8,namesilo,,,18/09/2026 02:08
f69ac93a-7499-4846-86cd-1d5831e4c448,casserole.express,available,12.49,39.99,high,low,9,namesilo,,,24/09/2026 13:04
4aca863c-b6f3-4e2b-89ff-f94d97f8ce1f,lined.express,available,9.98,49.98,medium,low,5,namecheap,,,23/08/2026 14:17
fa596344-4338-4c5a-9236-e234244eb48b,renowned.express,available,9.98,49.98,high,low,8,namecheap,,,11/08/2026 23:18
abe92561-c46c-45b7-b7ea-3d6f3a7afdeb,syrian.express,available,9.98,49.98,high,low,6,namecheap,,,11/09/2026 06:43
27d4340d-e02a-43c2-a49c-14b417f08119,chequered.express,available,9.98,49.98,medium,low,9,namecheap,,,12/08/2026 03:40
024d152e-73a8-4c14-82e8-8342470a96b2,drought.express,available,9.27,31.41,medium,low,7,porkbun,,,29/09/2026 12:05
68d8d00e-c8cd-4241-85ae-6315b38915c4,rusty.express,available,9.98,49.98,high,low,5,namecheap,,,04/09/2026 18:46
7709358e-68d6-412f-9f02-c65138934eaf,sabotage.express,available,9,31.25,medium,low,8,spaceship,,,28/09/2026 13:47
c8ad395a-e397-456e-bb87-7cce0a3467ea,intercultural.express,available,9,31.25,high,low,13,spaceship,,,01/10/2026 23:06
64768d96-508c-41b6-8696-7e9c9b345972,sunbaked.express,available,9.98,49.98,medium,low,8,namecheap,,,
fb44f481-73b0-429b-b016-e9e26e8cb9c0,duval.express,available,12.49,39.99,medium,low,5,namesilo,,,28/09/2026 11:57
868c8072-c1b2-4be4-9839-397a9bb25adc,sdk.express,premium,18.3,36.55,high,low,3,porkbun,,,03/10/2026 02:48
f52db68d-28ce-4407-997c-fde68d73dc99,illuminated.express,available,9,31.25,high,low,11,spaceship,,,01/10/2026 18:40
0ccc0703-ed4d-406a-8efb-47685a93a89e,terminus.express,available,9.98,49.98,high,low,8,namecheap,,,11/09/2026 11:48
15a304cc-3035-479c-9353-a54881e3ff88,eastern.express,resell,,,high,low,7,"Sav.com, LLC - 32",26/02/2026 15:15,26/02/2027 15:15,26/09/2026 05:44
bebb2ca1-8c25-4dab-96d7-6ab34b2a889d,balthasar.express,available,9.98,49.98,high,low,9,namecheap,,,22/09/2026 00:15
76efdca6-b8e9-4124-9e37-92eff55a4d2b,mansions.express,available,12.49,39.99,medium,low,8,namesilo,,,01/10/2026 17:28
5a89154b-e8cb-4072-ba42-188254b44e2c,androgyne.express,available,9.98,49.98,medium,low,9,namecheap,,,17/08/2026 10:38
63607ca7-4a18-4073-9e90-e297ff8b0ddd,netherland.express,available,9.27,31.41,medium,low,10,porkbun,,,30/09/2026 05:30
6d1655fd-16ed-4f4f-9b89-14964d49cc3d,trust.express,resell,,,high,medium,5,"Spaceship, Inc.",31/05/2023 15:15,31/05/2027 15:15,26/09/2026 09:47
1e2abe7e-da7f-484d-bf80-61366de3382f,coimbra.express,available,30.2,30.2,medium,low,7,cloudflare,,,30/09/2026 21:37
ffa0f753-7950-4717-9313-a76d9329dc9f,gabe.express,available,9.27,31.41,high,low,4,porkbun,,,29/09/2026 09:24
bb6aa802-6cc2-4c9e-84a7-749f649964ef,monkey.express,available,30.2,30.2,high,medium,6,cloudflare,,,30/09/2026 05:09
85a4afcb-6a44-4d84-aa26-ad1da97d7af0,scenarios.express,available,12.49,39.99,medium,low,9,namesilo,,,29/09/2026 17:21
f5ba1205-57db-42ed-bdf3-4b3e8b33b641,shambles.express,available,16.99,50.99,medium,low,8,name.com,,,16/09/2026 14:17
a33c620b-36ea-4b36-a04a-5ead57acd577,levy.express,available,12.49,39.99,high,low,4,namesilo,,,30/09/2026 02:08
567a48f0-f433-429b-a6be-644c3d4f1b94,refuge.express,available,9.98,49.98,high,low,6,namecheap,,,20/09/2026 18:32
a84146da-e9e2-4c7b-a1b0-99cf9f650fe8,indication.express,available,12.49,39.99,high,low,10,namesilo,,,24/09/2026 21:52
c300713d-df04-4b2c-b07c-72a2f7d0f96c,cyril.express,available,12.49,39.99,medium,low,5,namesilo,,,25/09/2026 04:29
5badf8eb-8eda-4797-913b-b5293c3d6684,humbert.express,available,30.2,30.2,medium,low,7,cloudflare,,,02/10/2026 00:25
24136dd1-1176-48db-acf4-17bccfc3d232,blair.express,available,12.49,39.99,high,low,5,namesilo,,,19/09/2026 13:36
2d2ec1b1-d032-4641-a591-07187478eef4,abingdon.express,available,12.49,39.99,medium,low,8,namesilo,,,28/09/2026 22:10
cdefc729-3921-46a4-9aa0-ff49bf21c4e2,verboten.express,available,9.98,49.98,medium,low,8,namecheap,,,18/08/2026 11:06
e51a72eb-64c2-436e-952c-081c4cec1d6c,ted.express,premium,46.2,46.2,high,low,3,namecheap,,,30/09/2026 12:54
39125323-96e7-494f-ab4a-15f6d2c59616,miz.express,premium,36.3,36.3,high,low,3,dynadot,,,01/10/2026 23:06
4c9bbd54-72b0-4d2b-b3e4-bab84d1dc497,prosthetic.express,available,9.98,49.98,high,low,10,namecheap,,,09/09/2026 03:55
c7c59e71-6e4e-4096-b540-1a5f6daff056,medically.express,available,9.98,49.98,medium,low,9,namecheap,,,15/09/2026 13:56
15bed837-2180-4749-9c8f-3e20c4084a81,quintette.express,available,9.98,49.98,medium,low,9,namecheap,,,09/09/2026 09:00
bddf1570-7dde-4309-83a8-c0a0b088ee36,arrests.express,available,9.98,49.98,medium,low,7,namecheap,,,20/09/2026 19:12
b065d598-4743-49f9-ba71-a442f71fa628,apocynum.express,available,9.98,49.98,medium,low,8,namecheap,,,19/09/2026 18:15
35d6e073-3da4-453c-9cf3-e85b83afaa8e,immaterial.express,available,9.98,49.98,medium,low,10,namecheap,,,17/08/2026 19:22
2befed27-aafc-4748-b1c3-c61da6de5f98,lessing.express,available,12.49,39.99,medium,low,7,namesilo,,,30/09/2026 17:03
9137f54b-3e92-4613-bc03-2edba94d0185,trine.express,available,9.98,49.98,medium,low,5,namecheap,,,
ef0908a1-ff9d-4f71-9056-f03dae0ef95c,greenpeace.express,available,9.98,49.98,high,low,10,namecheap,,,30/09/2026 17:30
b5920761-4f1f-43db-8f3c-1839f1ca420f,martian.express,available,9.98,49.98,high,low,7,namecheap,,,24/08/2026 16:37
d26fe6a6-6dd5-41df-bff8-f0e0f4dea9d6,reporters.express,available,9,31.25,medium,low,9,spaceship,,,28/09/2026 00:38
6ea6255d-fa92-4b0a-88ee-d615703528ad,kirk.express,available,12.49,39.99,high,low,4,namesilo,,,25/09/2026 08:51
844e0208-c53e-4c2d-bb1f-3ab7e82d947c,romanticism.express,available,12.49,39.99,high,low,11,namesilo,,,02/10/2026 21:58
8d0d70d4-24a2-4593-b57c-94dd0756751c,wildcats.express,available,11.5,,medium,low,8,unstoppable,,,02/10/2026 03:20
b8f26861-f8ff-4a57-8ad0-4528db15d25f,mclain.express,available,9.27,31.41,medium,low,6,porkbun,,,02/10/2026 20:58
94a33c9b-e850-4866-8e67-d87bd35a3f8f,hammond.express,available,16.99,50.99,high,low,7,name.com,,,25/09/2026 12:21
4c27a6d5-02aa-4c14-adbb-0fef127e545f,efficient.express,available,12.49,39.99,high,low,9,namesilo,,,01/10/2026 07:29
66979dd9-57d1-4ce7-a956-7bb49e583776,candor.express,available,12.49,39.99,high,low,6,namesilo,,,24/09/2026 12:01
d581779f-0c06-41bb-b2a2-b7f8522704e3,mellowly.express,available,9.98,49.98,medium,low,8,namecheap,,,24/08/2026 19:31
36cb9e23-b3c0-4145-bfe1-06ec3aaa8642,cartilage.express,available,11.5,,high,low,9,unstoppable,,,01/10/2026 01:18
7fd9d7a1-e692-4fb2-8dd7-bf9fb2181334,accession.express,available,12.49,39.99,high,low,9,namesilo,,,16/09/2026 22:09
734ba6ac-8d7f-4acf-9e4b-172992b73b46,empathic.express,available,9.98,49.98,high,low,8,namecheap,,,16/08/2026 16:41
d6a23b71-ae85-447f-84f4-8e1014170675,scarlett.express,available,16.99,,high,low,8,name.com,,,
c5d5eabd-3ccf-457c-9b16-5229e6f13a9f,examiner.express,available,12.49,39.99,medium,low,8,namesilo,,,28/09/2026 14:05
ddc8e534-86b9-4152-8094-fdf6b7dc3aec,neighbourhood.express,available,12.49,39.99,high,low,13,namesilo,,,17/09/2026 15:31
9428f26f-c959-41db-927d-244a77f31b0c,conservative.express,available,12.49,39.99,high,low,12,namesilo,,,28/09/2026 11:13
09a3c0e6-9b4a-4059-b08c-a2eed9b84aa4,pascual.express,available,9,31.25,medium,low,7,spaceship,,,02/10/2026 02:24
b976e5b7-0afa-48ac-8047-4698e1950938,syllabic.express,available,9.98,49.98,high,low,8,namecheap,,,11/09/2026 05:58
e2ffecf5-b123-4692-bcbe-674db1fd1e86,trumbull.express,available,9.27,31.41,medium,low,8,porkbun,,,28/09/2026 14:37
26a7a445-406f-4107-8239-10c29915a2b7,caddy.express,available,12.49,39.99,high,low,5,namesilo,,,02/10/2026 04:12
40082030-12a7-4028-b5d6-fec7186c29ce,carte.express,available,9.98,49.98,high,low,5,namecheap,,,23/09/2026 16:04
6d7aef5e-49b2-4ad5-91bc-864dddee46d1,humphrey.express,available,12.49,39.99,high,low,8,namesilo,,,25/09/2026 14:49
c8bdca58-4a79-42a9-a111-074c09bd86da,galesburg.express,available,12.49,39.99,medium,low,9,namesilo,,,02/10/2026 10:31
c208447d-f50c-44d8-805d-c2452c091467,labile.express,available,9.98,49.98,medium,low,6,namecheap,,,22/08/2026 17:32
80f75962-b8d4-4474-8f90-94185586c94d,valeria.express,available,12.49,39.99,high,low,7,namesilo,,,02/10/2026 09:11
1fbc162a-dce8-4d3f-8923-ac0da99ea886,muggy.express,available,9.98,49.98,medium,low,5,namecheap,,,03/09/2026 10:31
ae3dca6f-f352-4eec-9514-9b044b9e8bfc,mention.express,available,30.2,30.2,high,low,7,cloudflare,,,29/09/2026 09:27
a564e52a-6dda-446e-9dc1-35c0611ab4e9,faceted.express,available,9.98,49.98,medium,low,7,namecheap,,,17/08/2026 20:24
95e82e44-9029-46fc-88c4-e652db72da5b,issuer.express,available,12.49,39.99,high,low,6,namesilo,,,30/09/2026 10:16
606ea4ce-bb49-414a-9d27-1aac56c966bc,december.express,available,9.98,49.98,high,low,8,namecheap,,,24/09/2026 21:09
5bb6a9a6-978f-44eb-b036-12221e4e8f61,overbold.express,available,9.98,49.98,medium,low,8,namecheap,,,04/09/2026 20:21
f741cc73-c121-4c88-a9ad-3182b53ca480,anguish.express,available,12.49,39.99,medium,low,7,namesilo,,,19/09/2026 07:36
17fb165e-50e6-46df-82a6-d2d3b4f46594,seek.express,available,12.49,39.99,high,low,4,namesilo,,,28/09/2026 23:05
0e73dcfc-80cf-4786-8c88-ddfa89162db1,banian.express,available,12.49,39.99,medium,low,6,namesilo,,,22/09/2026 02:05
f18611a9-6e2e-46be-93bc-36fd8efefc71,dendritic.express,available,9.98,49.98,medium,low,9,namecheap,,,14/08/2026 01:48
37244cec-886d-45f7-946f-1f68b5eac91b,forget.express,available,11.5,,high,low,6,unstoppable,,,30/09/2026 15:44
910f5c1e-d977-4b38-8d97-3a79b520b8a8,homosexuals.express,available,12.49,39.99,low,low,11,namesilo,,,01/10/2026 00:33
0055f248-f473-43f0-8ae9-8bd6375fc21d,laughing.express,available,12.49,39.99,high,low,8,namesilo,,,25/09/2026 16:41
a9e9f048-5454-4931-b812-5704213fd4d2,troyes.express,available,9,31.25,medium,low,6,spaceship,,,01/10/2026 08:31
8936590c-9f16-4079-b9df-5e915cc1e208,wic.express,premium,38.94,38.94,medium,low,3,namesilo,,,02/10/2026 12:30
e3d3a6fa-58cf-452f-b726-c32b97738bf1,closeout.express,available,16.99,,high,low,9,name.com,,,
cb1ada7d-730b-475a-9772-9c94e4ed4020,middletown.express,available,9,31.25,medium,low,10,spaceship,,,27/09/2026 21:20
fbc7e2c7-3454-4c38-a9ca-1a94ed0fd65f,agon.express,available,9.98,49.98,high,low,4,namecheap,,,17/09/2026 18:51
b1a12113-85ef-43d9-9a92-7c2e030dd77e,jussieu.express,available,12.49,39.99,medium,low,7,namesilo,,,19/09/2026 15:24
b1155b20-5ce7-41e7-8a33-d8a1d4409304,illnesses.express,available,9.27,31.41,low,low,9,porkbun,,,01/10/2026 18:29
b57b7fec-6ce1-485c-9887-0931a4b543fd,courtly.express,available,9.98,49.98,high,low,7,namecheap,,,13/08/2026 03:50
8d81035a-c2c5-400d-9470-4b74473ade66,drafting.express,available,30.2,30.2,high,low,8,cloudflare,,,30/09/2026 09:23
bdf842b1-5b7f-42d7-b175-88bf9458d823,prurient.express,available,9.98,49.98,medium,low,8,namecheap,,,24/08/2026 11:58
7d39e72b-e8fc-43c2-a2aa-935d3d33cee6,smuggling.express,available,12.49,39.99,medium,low,9,namesilo,,,28/09/2026 15:22
73787b73-4530-4a0d-a3b4-361e4e18aa21,inherently.express,available,9.98,49.98,medium,low,10,namecheap,,,15/09/2026 08:20
772a03ab-15ba-46c3-bd0c-264b6ef86e8e,undone.express,available,9.98,49.98,medium,low,6,namecheap,,,11/09/2026 01:55
92580f6c-48b2-4c11-89e1-7e0b95ca2aa1,innate.express,available,9.98,49.98,high,low,6,namecheap,,,12/08/2026 21:44
0d7ddbba-0be7-4a53-b122-57ea371c0c3a,lackey.express,available,9.98,49.98,medium,low,6,namecheap,,,20/09/2026 15:38
393b08b6-b486-4e0a-95ab-15fe92cde679,bargeman.express,available,12.49,39.99,medium,low,8,namesilo,,,22/09/2026 05:46
e8bdf6fe-89df-4611-8271-20a4826771b6,barely.express,available,9.98,49.98,medium,low,6,namecheap,,,27/09/2026 18:14
76fc960c-29c5-4aff-b4e8-2a8de8b58e04,respirator.express,available,9,31.25,medium,low,10,spaceship,,,03/10/2026 00:54
7a9b7f9e-67df-4ce8-93cd-f21abaef4341,hispania.express,available,11.5,,medium,low,8,unstoppable,,,02/10/2026 08:22
600f01ac-485b-4087-860e-1c92f0e2584f,receive.express,available,9.31,32.21,high,low,7,dynadot,,,30/09/2026 21:22
8d1cef7b-a0fd-4339-8c5b-9ded05b90179,dedham.express,available,9.98,49.98,medium,low,6,namecheap,,,29/09/2026 22:43
a8f50942-7228-4c49-978c-ff5f6ce417b8,surrendering.express,available,12.49,39.99,high,low,12,namesilo,,,02/10/2026 07:29
0de19fd6-ee87-4b54-83a5-f2d57c86a045,penalties.express,available,16.99,,high,low,9,name.com,,,
7412ad6d-6f6d-418d-ba66-41cf21918653,trite.express,available,9.98,49.98,medium,low,5,namecheap,,,08/08/2026 11:19
4480232a-331b-483c-bfc9-4d3e71c55dc1,joh.express,premium,36.32,72.57,medium,low,3,porkbun,,,02/10/2026 19:21
f6718365-edd2-45cd-8359-91951a271713,debase.express,available,9.98,49.98,medium,low,6,namecheap,,,
4a405946-a905-41aa-9b0c-9dc02f69906d,siren.express,available,9,31.25,high,low,5,spaceship,,,29/09/2026 06:45
1e774b05-bcd8-4a2a-ab22-dbfae7856e32,unthinkable.express,available,11.5,,medium,low,11,unstoppable,,,02/10/2026 07:27
d2a175b6-21e2-46de-b222-22fa5e77a4fb,chet.express,available,9,31.25,high,low,4,spaceship,,,29/09/2026 03:38
8cf6bb85-20d1-4c62-a1d8-770977b0cf66,wednesdays.express,available,9,31.25,high,low,10,spaceship,,,02/10/2026 21:05
b2d81deb-f713-453b-8546-0839ed297b71,bustling.express,available,9.98,49.98,high,low,8,namecheap,,,11/08/2026 11:21
3fa13b9b-678c-474d-8b70-8ee620631484,therefore.express,available,9.98,49.98,medium,low,9,namecheap,,,28/09/2026 15:07
a3eea2b8-67a5-4b2e-b4c3-d705402f4053,litre.express,available,9.98,49.98,medium,low,5,namecheap,,,22/08/2026 17:09
ae9256aa-fdd7-44c6-b1be-be24e05fab9d,seamed.express,available,9.98,49.98,medium,low,6,namecheap,,,10/09/2026 00:45
676afc93-e6e8-4637-aeaa-5b7975a34d38,sensational.express,available,12.49,39.99,high,low,11,namesilo,,,01/10/2026 19:37
5b240635-b161-41a9-8b7d-83ac0629cfc1,lieu.express,available,9,31.25,high,low,4,spaceship,,,02/10/2026 05:37
8cdd6b4b-ea0d-4c1e-8adb-2a0eee728607,feisty.express,available,9.98,49.98,high,low,6,namecheap,,,18/08/2026 00:45
cda07f60-d2d3-41f1-b435-6f5658476f82,unchanging.express,available,9.98,49.98,high,low,10,namecheap,,,12/09/2026 05:04
72143b78-8ba7-4945-9c64-b2a5d992fda8,unspaced.express,available,9.98,49.98,medium,low,8,namecheap,,,12/09/2026 20:24
76b066d2-2023-482a-8685-e0082f8be17d,revere.express,available,9.27,31.41,high,low,6,porkbun,,,02/10/2026 06:02
f2804332-d4af-4178-9c3b-f8f7da64725e,labial.express,available,9.98,49.98,medium,low,6,namecheap,,,22/08/2026 17:19
b4aa7e69-c199-4860-875a-62e7fe26f62f,ctc.express,premium,78.54,78.54,high,low,3,namesilo,,,01/10/2026 01:36
0fa397f2-353f-4d00-badd-6eecb5754d50,omnivorous.express,available,9.98,49.98,medium,low,10,namecheap,,,04/09/2026 13:56
779eaefc-2e56-4cbc-a9c0-e37959619052,pacify.express,available,9.98,49.98,high,low,6,namecheap,,,18/08/2026 22:00
d58313a9-c290-42fd-a936-0cf24e7da811,handsomely.express,available,9.98,49.98,high,low,10,namecheap,,,14/09/2026 22:57
9a3c8fa7-d9b3-4d37-9cda-e19a71ae902b,sebring.express,available,11.5,,high,low,7,unstoppable,,,01/10/2026 23:35
da404fa5-96e3-4b19-ae80-5da4cb3c00df,bourne.express,available,30.2,30.2,medium,low,6,cloudflare,,,30/09/2026 08:47
564d0fbe-ef67-4de0-83d3-25aa6acd6598,multilayer.express,available,30.2,30.2,medium,low,10,cloudflare,,,02/10/2026 01:55
ab070126-9034-40c4-9f45-a35de131ac6a,archbishop.express,available,9.98,49.98,medium,low,10,namecheap,,,20/09/2026 01:46
d18986ac-354f-4706-b1bf-7473007dd039,iridescent.express,available,9.98,49.98,high,low,10,namecheap,,,12/08/2026 03:15
e5ded9f4-ba61-47fb-b7d3-616a39b8568f,stylized.express,available,9.98,49.98,high,low,8,namecheap,,,08/09/2026 05:30
52cf685d-4659-4262-8254-37862f106b5a,germanium.express,available,12.49,39.99,medium,low,9,namesilo,,,20/09/2026 22:51
1efc23ae-358f-41b3-9e2a-2c1aff58c6e1,implement.express,available,9.31,32.21,high,low,9,dynadot,,,29/09/2026 13:06
87582c09-45c8-4770-8bd7-4fe6bbd1ba0a,seem.express,available,12.49,39.99,high,low,4,namesilo,,,30/09/2026 15:09
98b1bf37-e558-4740-a6e2-925cb8119cf9,kilmarnock.express,available,12.49,39.99,high,low,10,namesilo,,,01/10/2026 07:24
31b21c0b-f689-4209-a30e-c77838f83d74,benighted.express,available,9.98,49.98,low,low,9,namecheap,,,08/09/2026 09:10
44e248ae-0f0f-4cee-a710-b4f7d85218f5,aching.express,available,9.98,49.98,medium,low,6,namecheap,,,
d0a94a79-cb74-420b-81ee-aeaaefacf22d,allylic.express,available,9.98,49.98,medium,low,7,namecheap,,,
89b362c8-b035-4551-921a-c72814a48d37,natural.express,resell,,,high,low,7,Porkbun LLC,25/04/2026 00:08,25/04/2027 00:08,01/10/2026 02:27
8624469d-b21f-4d2a-9fb6-abdeacd122a5,biohazard.express,available,9.98,49.98,medium,low,9,namecheap,,,23/09/2026 18:14
f9266a08-4cf2-43c6-9021-0c780a2f5639,wilshire.express,available,9,31.25,medium,low,8,spaceship,,,29/09/2026 22:35
39eda9d6-1ffa-4621-8c58-5b6a5aa08304,tout.express,available,9.98,49.98,high,low,4,namecheap,,,11/08/2026 01:03
c958578b-f293-448e-97c5-3082a948422d,nat.express,premium,85.8,85.8,high,low,3,namecheap,,,28/09/2026 15:51
ed6d8290-ee84-440c-868b-5960a410d81b,minimal.express,available,12.49,39.99,high,low,7,namesilo,,,29/09/2026 06:06
ec89a846-a610-4b03-9e66-50c9e0a871d8,woven.express,available,9,31.25,high,low,5,spaceship,,,28/09/2026 11:08
ac3a631e-6070-4011-a984-d286efbd7eeb,balochi.express,available,9.98,49.98,medium,low,7,namecheap,,,21/09/2026 23:40
9166c416-1501-4a1d-9cb0-d401e2201546,sailboat.express,available,9,31.25,high,low,8,spaceship,,,02/10/2026 16:41
edc0394c-5f4b-4d67-a34a-20dd87016451,gmc.express,premium,78.54,78.54,high,low,3,namesilo,,,30/09/2026 11:50
740c186f-faab-494b-b232-93517ccde41b,resettled.express,available,9.98,49.98,medium,low,9,namecheap,,,09/09/2026 13:41
0aefbdf4-4214-4e44-b1a7-920e5f3dd775,biome.express,available,9.98,49.98,high,low,5,namecheap,,,23/09/2026 18:30
10aa2c13-1315-47c9-aaf7-fd9672ee0dee,dakota.express,available,12.49,39.99,high,low,6,namesilo,,,28/09/2026 13:51
6ce33489-aa17-4256-a367-19142bde5f41,innately.express,available,9.98,49.98,medium,low,8,namecheap,,,15/09/2026 08:27
7192f3ea-8c96-451e-a5af-c33150919e61,mend.express,available,12.49,39.99,high,low,4,namesilo,,,30/09/2026 08:51
ecd252f5-7a30-49a7-b40f-af28b96f780e,plasmas.express,available,12.49,39.99,medium,low,7,namesilo,,,30/09/2026 15:59
2532687b-343d-4fed-b02a-e2240616be0d,arava.express,available,12.49,39.99,medium,low,5,namesilo,,,20/09/2026 00:28
5c3b22bb-c24d-4758-a341-48a9037f5eb8,millenary.express,available,9.98,49.98,medium,low,9,namecheap,,,24/08/2026 23:13
93a4cc85-93be-4fcd-aa0d-cb86c2b20cd1,gall.express,available,12.49,39.99,medium,low,4,namesilo,,,23/09/2026 15:42
54b23262-0273-49ad-83d3-b03ae6131095,flit.express,available,9.98,49.98,high,low,4,namecheap,,,18/08/2026 07:46
720f490d-7ffe-4a6c-ad75-d0a810cad3ad,nocturnal.express,available,9.98,49.98,high,low,9,namecheap,,,03/09/2026 18:04
80fc03e1-c8de-4a76-88de-e2d8f73ffea8,rook.express,available,9.98,49.98,high,low,4,namecheap,,,14/09/2026 07:54